{
"meta":{"test_sets":[],"test_metrics":[],"learn_metrics":[{"best_value":"Min","name":"MultiClass"}],"launch_mode":"Train","parameters":"","iteration_count":1000,"learn_sets":["learn"],"name":"experiment"},
"iterations":[
{"learn":[1.057298802],"iteration":0,"passed_time":0.0163694739,"remaining_time":16.35310443},
{"learn":[1.016495498],"iteration":1,"passed_time":0.02844605563,"remaining_time":14.19458176},
{"learn":[0.980133771],"iteration":2,"passed_time":0.03971850212,"remaining_time":13.19978221},
{"learn":[0.9443779544],"iteration":3,"passed_time":0.04373115827,"remaining_time":10.88905841},
{"learn":[0.9122241943],"iteration":4,"passed_time":0.05373125692,"remaining_time":10.69252013},
{"learn":[0.8889776058],"iteration":5,"passed_time":0.06585850683,"remaining_time":10.9105593},
{"learn":[0.863968387],"iteration":6,"passed_time":0.07950963361,"remaining_time":11.27900945},
{"learn":[0.8429874792],"iteration":7,"passed_time":0.09792101922,"remaining_time":12.14220638},
{"learn":[0.8239974781],"iteration":8,"passed_time":0.1105406293,"remaining_time":12.17175151},
{"learn":[0.8038431134],"iteration":9,"passed_time":0.1183656685,"remaining_time":11.71820118},
{"learn":[0.7865902174],"iteration":10,"passed_time":0.1292907365,"remaining_time":11.62441258},
{"learn":[0.7730568472],"iteration":11,"passed_time":0.1504877889,"remaining_time":12.39016129},
{"learn":[0.7568864715],"iteration":12,"passed_time":0.1527681274,"remaining_time":11.59862629},
{"learn":[0.7441613777],"iteration":13,"passed_time":0.1690562105,"remaining_time":11.90638739},
{"learn":[0.7309984261],"iteration":14,"passed_time":0.1787416665,"remaining_time":11.73736944},
{"learn":[0.7199976681],"iteration":15,"passed_time":0.189373281,"remaining_time":11.64645678},
{"learn":[0.7099721848],"iteration":16,"passed_time":0.2006375273,"remaining_time":11.60156996},
{"learn":[0.7006552511],"iteration":17,"passed_time":0.2363186604,"remaining_time":12.8924958},
{"learn":[0.6916040098],"iteration":18,"passed_time":0.2469420404,"remaining_time":12.75000745},
{"learn":[0.6821144225],"iteration":19,"passed_time":0.2589974236,"remaining_time":12.69087376},
{"learn":[0.6742844692],"iteration":20,"passed_time":0.2687652511,"remaining_time":12.52958004},
{"learn":[0.665557069],"iteration":21,"passed_time":0.2797315483,"remaining_time":12.43533883},
{"learn":[0.6582663586],"iteration":22,"passed_time":0.2896072234,"remaining_time":12.30201119},
{"learn":[0.6501889407],"iteration":23,"passed_time":0.2954270768,"remaining_time":12.01403445},
{"learn":[0.6439534783],"iteration":24,"passed_time":0.3049177573,"remaining_time":11.89179253},
{"learn":[0.6361814949],"iteration":25,"passed_time":0.3149313966,"remaining_time":11.79781463},
{"learn":[0.6297351571],"iteration":26,"passed_time":0.324084625,"remaining_time":11.67904963},
{"learn":[0.622994875],"iteration":27,"passed_time":0.3343495145,"remaining_time":11.60670457},
{"learn":[0.6171250061],"iteration":28,"passed_time":0.3452624886,"remaining_time":11.56034057},
{"learn":[0.6124232784],"iteration":29,"passed_time":0.3554456972,"remaining_time":11.49274421},
{"learn":[0.606747834],"iteration":30,"passed_time":0.3667076987,"remaining_time":11.4625729},
{"learn":[0.5997033167],"iteration":31,"passed_time":0.3787765858,"remaining_time":11.45799172},
{"learn":[0.5942173809],"iteration":32,"passed_time":0.3896505432,"remaining_time":11.41794168},
{"learn":[0.5896034422],"iteration":33,"passed_time":0.4039648968,"remaining_time":11.4773556},
{"learn":[0.5859371646],"iteration":34,"passed_time":0.414336863,"remaining_time":11.42385922},
{"learn":[0.5803442777],"iteration":35,"passed_time":0.4251908553,"remaining_time":11.38566624},
{"learn":[0.577334346],"iteration":36,"passed_time":0.4324571923,"remaining_time":11.25557503},
{"learn":[0.5731435713],"iteration":37,"passed_time":0.443125574,"remaining_time":11.21807374},
{"learn":[0.5678980239],"iteration":38,"passed_time":0.4971173494,"remaining_time":12.24948135},
{"learn":[0.5633916392],"iteration":39,"passed_time":0.5563957812,"remaining_time":13.35349875},
{"learn":[0.5580410262],"iteration":40,"passed_time":0.5700455747,"remaining_time":13.33350503},
{"learn":[0.5534747625],"iteration":41,"passed_time":0.6027685166,"remaining_time":13.74886283},
{"learn":[0.5499321049],"iteration":42,"passed_time":0.6363737597,"remaining_time":14.163016},
{"learn":[0.5461301824],"iteration":43,"passed_time":0.6583574422,"remaining_time":14.3043117},
{"learn":[0.5431434531],"iteration":44,"passed_time":0.6820500138,"remaining_time":14.47461696},
{"learn":[0.5376481135],"iteration":45,"passed_time":0.7020921952,"remaining_time":14.56078161},
{"learn":[0.533542769],"iteration":46,"passed_time":0.7494489202,"remaining_time":15.19627279},
{"learn":[0.5292708706],"iteration":47,"passed_time":0.7603977595,"remaining_time":15.08122223},
{"learn":[0.5252270662],"iteration":48,"passed_time":0.7705364656,"remaining_time":14.95469753},
{"learn":[0.5221453412],"iteration":49,"passed_time":0.7837286434,"remaining_time":14.89084422},
{"learn":[0.5174463225],"iteration":50,"passed_time":0.7984765307,"remaining_time":14.85792603},
{"learn":[0.5140145492],"iteration":51,"passed_time":0.8133822502,"remaining_time":14.8285841},
{"learn":[0.5090305507],"iteration":52,"passed_time":0.8237420274,"remaining_time":14.71856038},
{"learn":[0.506917145],"iteration":53,"passed_time":0.8360279952,"remaining_time":14.64597192},
{"learn":[0.5041806318],"iteration":54,"passed_time":0.8477421136,"remaining_time":14.56575086},
{"learn":[0.502895144],"iteration":55,"passed_time":0.8493057262,"remaining_time":14.31686796},
{"learn":[0.500205349],"iteration":56,"passed_time":0.8599701729,"remaining_time":14.22722584},
{"learn":[0.4973084692],"iteration":57,"passed_time":0.89141069,"remaining_time":14.47773914},
{"learn":[0.4941679029],"iteration":58,"passed_time":0.9020649025,"remaining_time":14.38717073},
{"learn":[0.4912344165],"iteration":59,"passed_time":0.9115865047,"remaining_time":14.28152191},
{"learn":[0.4879632034],"iteration":60,"passed_time":0.921795326,"remaining_time":14.18960346},
{"learn":[0.4842536703],"iteration":61,"passed_time":0.9317840479,"remaining_time":14.09699092},
{"learn":[0.4820265246],"iteration":62,"passed_time":0.9423911988,"remaining_time":14.01619926},
{"learn":[0.479221526],"iteration":63,"passed_time":0.952547823,"remaining_time":13.93101191},
{"learn":[0.4775107463],"iteration":64,"passed_time":0.9858139446,"remaining_time":14.18055443},
{"learn":[0.4756464119],"iteration":65,"passed_time":1.012219786,"remaining_time":14.32444363},
{"learn":[0.4741343106],"iteration":66,"passed_time":1.0226505,"remaining_time":14.2407898},
{"learn":[0.4729691128],"iteration":67,"passed_time":1.02601877,"remaining_time":14.06249255},
{"learn":[0.470314891],"iteration":68,"passed_time":1.036423976,"remaining_time":13.98421336},
{"learn":[0.4682329007],"iteration":69,"passed_time":1.045860779,"remaining_time":13.8950075},
{"learn":[0.464863225],"iteration":70,"passed_time":1.059127501,"remaining_time":13.85816125},
{"learn":[0.4632264358],"iteration":71,"passed_time":1.069682827,"remaining_time":13.7870231},
{"learn":[0.4611191247],"iteration":72,"passed_time":1.080485497,"remaining_time":13.7206857},
{"learn":[0.4586325951],"iteration":73,"passed_time":1.091384262,"remaining_time":13.65705171},
{"learn":[0.4569222321],"iteration":74,"passed_time":1.105448921,"remaining_time":13.63387003},
{"learn":[0.4557631938],"iteration":75,"passed_time":1.116305705,"remaining_time":13.57192726},
{"learn":[0.4509040362],"iteration":76,"passed_time":1.128025303,"remaining_time":13.52165395},
{"learn":[0.449029363],"iteration":77,"passed_time":1.145751892,"remaining_time":13.54337493},
{"learn":[0.4456352839],"iteration":78,"passed_time":1.15756652,"remaining_time":13.49517424},
{"learn":[0.4430924151],"iteration":79,"passed_time":1.169052571,"remaining_time":13.44410456},
{"learn":[0.4401241919],"iteration":80,"passed_time":1.179304424,"remaining_time":13.38000945},
{"learn":[0.436669338],"iteration":81,"passed_time":1.190199869,"remaining_time":13.32443268},
{"learn":[0.4334172066],"iteration":82,"passed_time":1.243386161,"remaining_time":13.73717},
{"learn":[0.4324685464],"iteration":83,"passed_time":1.254726135,"remaining_time":13.68248975},
{"learn":[0.4306809014],"iteration":84,"passed_time":1.265541126,"remaining_time":13.623178},
{"learn":[0.427475152],"iteration":85,"passed_time":1.276649489,"remaining_time":13.56811202},
{"learn":[0.424768238],"iteration":86,"passed_time":1.287490976,"remaining_time":13.51125587},
{"learn":[0.4211774774],"iteration":87,"passed_time":1.297641631,"remaining_time":13.44828599},
{"learn":[0.4181098056],"iteration":88,"passed_time":1.307032939,"remaining_time":13.37873042},
{"learn":[0.4155925585],"iteration":89,"passed_time":1.317259129,"remaining_time":13.31895341},
{"learn":[0.4127721379],"iteration":90,"passed_time":1.326908092,"remaining_time":13.25449951},
{"learn":[0.4095584182],"iteration":91,"passed_time":1.336177935,"remaining_time":13.18749527},
{"learn":[0.4072137937],"iteration":92,"passed_time":1.348592606,"remaining_time":13.15240316},
{"learn":[0.4045645272],"iteration":93,"passed_time":1.359371933,"remaining_time":13.10203161},
{"learn":[0.402196352],"iteration":94,"passed_time":1.369871564,"remaining_time":13.04982911},
{"learn":[0.39907844],"iteration":95,"passed_time":1.379381808,"remaining_time":12.98917869},
{"learn":[0.3975993403],"iteration":96,"passed_time":1.389103987,"remaining_time":12.93155567},
{"learn":[0.3941337004],"iteration":97,"passed_time":1.399383783,"remaining_time":12.88004258},
{"learn":[0.3918426509],"iteration":98,"passed_time":1.40957534,"remaining_time":12.82855941},
{"learn":[0.3893482364],"iteration":99,"passed_time":1.507180628,"remaining_time":13.56462565},
{"learn":[0.3884904146],"iteration":100,"passed_time":1.516740515,"remaining_time":13.5004923},
{"learn":[0.3854548484],"iteration":101,"passed_time":1.526223028,"remaining_time":13.43674784},
{"learn":[0.3835679146],"iteration":102,"passed_time":1.537052436,"remaining_time":13.38578675},
{"learn":[0.3817486544],"iteration":103,"passed_time":1.547494135,"remaining_time":13.33225716},
{"learn":[0.3799131657],"iteration":104,"passed_time":1.55742276,"remaining_time":13.27517495},
{"learn":[0.3773061817],"iteration":105,"passed_time":1.566681683,"remaining_time":13.21333419},
{"learn":[0.3756759544],"iteration":106,"passed_time":1.57752592,"remaining_time":13.16570697},
{"learn":[0.3727185167],"iteration":107,"passed_time":1.58740723,"remaining_time":13.11080786},
{"learn":[0.3711253857],"iteration":108,"passed_time":1.597046453,"remaining_time":13.05475587},
{"learn":[0.3697699665],"iteration":109,"passed_time":1.606222222,"remaining_time":12.99579798},
{"learn":[0.3671204305],"iteration":110,"passed_time":1.616774129,"remaining_time":12.94875857},
{"learn":[0.3644884989],"iteration":111,"passed_time":1.626521691,"remaining_time":12.89599341},
{"learn":[0.3628170796],"iteration":112,"passed_time":1.636410022,"remaining_time":12.8450946},
{"learn":[0.3606688878],"iteration":113,"passed_time":1.646483281,"remaining_time":12.79635252},
{"learn":[0.3578370831],"iteration":114,"passed_time":1.656680553,"remaining_time":12.7492373},
{"learn":[0.356574324],"iteration":115,"passed_time":1.665866013,"remaining_time":12.69504789},
{"learn":[0.3555293991],"iteration":116,"passed_time":1.67716164,"remaining_time":12.65755323},
{"learn":[0.3544809475],"iteration":117,"passed_time":1.687245125,"remaining_time":12.61144237},
{"learn":[0.351963305],"iteration":118,"passed_time":1.696879724,"remaining_time":12.56261375},
{"learn":[0.3494547331],"iteration":119,"passed_time":1.707504985,"remaining_time":12.52170322},
{"learn":[0.3471262981],"iteration":120,"passed_time":1.742537711,"remaining_time":12.6586004},
{"learn":[0.3461560448],"iteration":121,"passed_time":1.752581168,"remaining_time":12.61283825},
{"learn":[0.3432906046],"iteration":122,"passed_time":1.76258806,"remaining_time":12.56739616},
{"learn":[0.3407447286],"iteration":123,"passed_time":1.772614226,"remaining_time":12.52266179},
{"learn":[0.3382791756],"iteration":124,"passed_time":1.783763149,"remaining_time":12.48634204},
{"learn":[0.3368820042],"iteration":125,"passed_time":1.795779888,"remaining_time":12.45644145},
{"learn":[0.3350711451],"iteration":126,"passed_time":1.808513168,"remaining_time":12.431748},
{"learn":[0.3331468149],"iteration":127,"passed_time":1.847623679,"remaining_time":12.58693631},
{"learn":[0.331340223],"iteration":128,"passed_time":1.894200122,"remaining_time":12.78952175},
{"learn":[0.3303713622],"iteration":129,"passed_time":1.928995432,"remaining_time":12.90943097},
{"learn":[0.3293454251],"iteration":130,"passed_time":2.014830588,"remaining_time":13.36555558},
{"learn":[0.3277471264],"iteration":131,"passed_time":2.034355605,"remaining_time":13.37742928},
{"learn":[0.3267342766],"iteration":132,"passed_time":2.044747238,"remaining_time":13.32929214},
{"learn":[0.3254704062],"iteration":133,"passed_time":2.056279355,"remaining_time":13.28908896},
{"learn":[0.3245561286],"iteration":134,"passed_time":2.066523653,"remaining_time":13.24105896},
{"learn":[0.3225628364],"iteration":135,"passed_time":2.088934181,"remaining_time":13.27087597},
{"learn":[0.3202718615],"iteration":136,"passed_time":2.0988449,"remaining_time":13.22119086},
{"learn":[0.3180369594],"iteration":137,"passed_time":2.11176737,"remaining_time":13.19089473},
{"learn":[0.3158274689],"iteration":138,"passed_time":2.122547302,"remaining_time":13.14757718},
{"learn":[0.3129234635],"iteration":139,"passed_time":2.133832778,"remaining_time":13.10782992},
{"learn":[0.3117569867],"iteration":140,"passed_time":2.143801681,"remaining_time":13.06046556},
{"learn":[0.3097877474],"iteration":141,"passed_time":2.154496525,"remaining_time":13.01801422},
{"learn":[0.3079577239],"iteration":142,"passed_time":2.163991373,"remaining_time":12.96881543},
{"learn":[0.3059846778],"iteration":143,"passed_time":2.173635859,"remaining_time":12.92105761},
{"learn":[0.3043107333],"iteration":144,"passed_time":2.183748754,"remaining_time":12.87658748},
{"learn":[0.3016021954],"iteration":145,"passed_time":2.193268393,"remaining_time":12.82911786},
{"learn":[0.2999352015],"iteration":146,"passed_time":2.20321764,"remaining_time":12.78465746},
{"learn":[0.2978407996],"iteration":147,"passed_time":2.212256421,"remaining_time":12.7354221},
{"learn":[0.2959786757],"iteration":148,"passed_time":2.240811466,"remaining_time":12.79819166},
{"learn":[0.2936045169],"iteration":149,"passed_time":2.251326386,"remaining_time":12.75751619},
{"learn":[0.2921866475],"iteration":150,"passed_time":2.26166047,"remaining_time":12.71622344},
{"learn":[0.2901435442],"iteration":151,"passed_time":2.271675287,"remaining_time":12.67355686},
{"learn":[0.2880265394],"iteration":152,"passed_time":2.281493031,"remaining_time":12.63022612},
{"learn":[0.2871834536],"iteration":153,"passed_time":2.291378415,"remaining_time":12.5877022},
{"learn":[0.284839845],"iteration":154,"passed_time":2.301408402,"remaining_time":12.54638774},
{"learn":[0.2828694577],"iteration":155,"passed_time":2.311369252,"remaining_time":12.50510031},
{"learn":[0.2803675014],"iteration":156,"passed_time":2.321262369,"remaining_time":12.46384826},
{"learn":[0.2789458424],"iteration":157,"passed_time":2.331367451,"remaining_time":12.42412274},
{"learn":[0.2766583206],"iteration":158,"passed_time":2.340448159,"remaining_time":12.37935158},
{"learn":[0.2751211782],"iteration":159,"passed_time":2.352214145,"remaining_time":12.34912426},
{"learn":[0.2742934294],"iteration":160,"passed_time":2.361592671,"remaining_time":12.30668479},
{"learn":[0.2730123301],"iteration":161,"passed_time":2.372083232,"remaining_time":12.27040585},
{"learn":[0.2720769426],"iteration":162,"passed_time":2.38131119,"remaining_time":12.22795991},
{"learn":[0.2706027121],"iteration":163,"passed_time":2.390618425,"remaining_time":12.18632319},
{"learn":[0.2691486328],"iteration":164,"passed_time":2.400647958,"remaining_time":12.14873361},
{"learn":[0.2680943113],"iteration":165,"passed_time":2.409686997,"remaining_time":12.10649973},
{"learn":[0.2656104876],"iteration":166,"passed_time":2.419410486,"remaining_time":12.06807746},
{"learn":[0.2640960162],"iteration":167,"passed_time":2.430828274,"remaining_time":12.03838764},
{"learn":[0.2628360304],"iteration":168,"passed_time":2.441681313,"remaining_time":12.0061371},
{"learn":[0.2617189225],"iteration":169,"passed_time":2.451440475,"remaining_time":11.96879761},
{"learn":[0.2599889426],"iteration":170,"passed_time":2.46198513,"remaining_time":11.93558873},
{"learn":[0.2586577088],"iteration":171,"passed_time":2.477643414,"remaining_time":11.92726016},
{"learn":[0.2567835271],"iteration":172,"passed_time":2.50806947,"remaining_time":11.98944191},
{"learn":[0.2554621282],"iteration":173,"passed_time":2.517821647,"remaining_time":11.9524177},
{"learn":[0.2544559449],"iteration":174,"passed_time":2.526830652,"remaining_time":11.91220165},
{"learn":[0.2535806754],"iteration":175,"passed_time":2.536805874,"remaining_time":11.87686386},
{"learn":[0.2519071761],"iteration":176,"passed_time":2.54717812,"remaining_time":11.84365872},
{"learn":[0.2509330759],"iteration":177,"passed_time":2.556772389,"remaining_time":11.80711744},
{"learn":[0.2498258629],"iteration":178,"passed_time":2.566651734,"remaining_time":11.77218477},
{"learn":[0.2485623501],"iteration":179,"passed_time":2.57641535,"remaining_time":11.73700326},
{"learn":[0.2470800096],"iteration":180,"passed_time":2.586596387,"remaining_time":11.70399138},
{"learn":[0.2463808266],"iteration":181,"passed_time":2.596264909,"remaining_time":11.6689269},
{"learn":[0.245046724],"iteration":182,"passed_time":2.605727103,"remaining_time":11.63321881},
{"learn":[0.2437340259],"iteration":183,"passed_time":2.615455967,"remaining_time":11.59897863},
{"learn":[0.242615335],"iteration":184,"passed_time":2.625754044,"remaining_time":11.56751106},
{"learn":[0.2412660813],"iteration":185,"passed_time":2.635887994,"remaining_time":11.53555283},
{"learn":[0.2398066898],"iteration":186,"passed_time":2.649055582,"remaining_time":11.51701705},
{"learn":[0.2387087935],"iteration":187,"passed_time":2.659816258,"remaining_time":11.48814256},
{"learn":[0.2364376193],"iteration":188,"passed_time":2.669334152,"remaining_time":11.45412697},
{"learn":[0.2353315064],"iteration":189,"passed_time":2.680648126,"remaining_time":11.42802622},
{"learn":[0.2342793706],"iteration":190,"passed_time":2.691143982,"remaining_time":11.39861509},
{"learn":[0.2335776843],"iteration":191,"passed_time":2.701747647,"remaining_time":11.36985468},
{"learn":[0.2326234729],"iteration":192,"passed_time":2.711457867,"remaining_time":11.33754663},
{"learn":[0.2312320553],"iteration":193,"passed_time":2.720648949,"remaining_time":11.3033147},
{"learn":[0.2304688094],"iteration":194,"passed_time":2.739715252,"remaining_time":11.31010655},
{"learn":[0.2293476522],"iteration":195,"passed_time":2.755752138,"remaining_time":11.30420775},
{"learn":[0.2288886483],"iteration":196,"passed_time":2.764770763,"remaining_time":11.26959859},
{"learn":[0.2277996986],"iteration":197,"passed_time":2.77413269,"remaining_time":11.23663847},
{"learn":[0.2270407871],"iteration":198,"passed_time":2.783157966,"remaining_time":11.20256046},
{"learn":[0.2263933843],"iteration":199,"passed_time":2.792856537,"remaining_time":11.17142615},
{"learn":[0.2256738013],"iteration":200,"passed_time":2.802439891,"remaining_time":11.14004713},
{"learn":[0.2249405186],"iteration":201,"passed_time":2.811759666,"remaining_time":11.10784264},
{"learn":[0.2240744164],"iteration":202,"passed_time":2.821480456,"remaining_time":11.07743805},
{"learn":[0.223301588],"iteration":203,"passed_time":2.830552959,"remaining_time":11.04470664},
{"learn":[0.222450093],"iteration":204,"passed_time":2.840850657,"remaining_time":11.01695742},
{"learn":[0.2217226726],"iteration":205,"passed_time":2.851745465,"remaining_time":10.99167912},
{"learn":[0.2210589944],"iteration":206,"passed_time":2.861342308,"remaining_time":10.96156739},
{"learn":[0.219545945],"iteration":207,"passed_time":2.871272932,"remaining_time":10.93292386},
{"learn":[0.2180965249],"iteration":208,"passed_time":2.881154946,"remaining_time":10.90427542},
{"learn":[0.216096581],"iteration":209,"passed_time":2.892898586,"remaining_time":10.88280897},
{"learn":[0.2144118714],"iteration":210,"passed_time":2.903251973,"remaining_time":10.85623605},
{"learn":[0.2134215645],"iteration":211,"passed_time":2.91173577,"remaining_time":10.82286692},
{"learn":[0.2126862723],"iteration":212,"passed_time":2.921234994,"remaining_time":10.79348329},
{"learn":[0.211231774],"iteration":213,"passed_time":2.930465576,"remaining_time":10.7632988},
{"learn":[0.210439945],"iteration":214,"passed_time":2.93986627,"remaining_time":10.73393033},
{"learn":[0.209553536],"iteration":215,"passed_time":2.948875608,"remaining_time":10.70332628},
{"learn":[0.2087585185],"iteration":216,"passed_time":2.958328147,"remaining_time":10.67452046},
{"learn":[0.2072871604],"iteration":217,"passed_time":2.968134359,"remaining_time":10.64716087},
{"learn":[0.2059604936],"iteration":218,"passed_time":3.007803105,"remaining_time":10.72645765},
{"learn":[0.2054903275],"iteration":219,"passed_time":3.017512678,"remaining_time":10.69845404},
{"learn":[0.2045050079],"iteration":220,"passed_time":3.02704683,"remaining_time":10.66999765},
{"learn":[0.2032841666],"iteration":221,"passed_time":3.036887077,"remaining_time":10.64278444},
{"learn":[0.2025816382],"iteration":222,"passed_time":3.047454059,"remaining_time":10.61825921},
{"learn":[0.2015846546],"iteration":223,"passed_time":3.057756453,"remaining_time":10.592942},
{"learn":[0.2006936799],"iteration":224,"passed_time":3.066923061,"remaining_time":10.5638461},
{"learn":[0.1994005263],"iteration":225,"passed_time":3.076075542,"remaining_time":10.53487818},
{"learn":[0.1988215816],"iteration":226,"passed_time":3.086318424,"remaining_time":10.50979798},
{"learn":[0.1983201793],"iteration":227,"passed_time":3.096443443,"remaining_time":10.48444885},
{"learn":[0.1978147957],"iteration":228,"passed_time":3.107043688,"remaining_time":10.46083268},
{"learn":[0.1963723077],"iteration":229,"passed_time":3.119062371,"remaining_time":10.44207837},
{"learn":[0.1955652664],"iteration":230,"passed_time":3.132323277,"remaining_time":10.42751775},
{"learn":[0.1945824229],"iteration":231,"passed_time":3.142424855,"remaining_time":10.40250987},
{"learn":[0.1937548005],"iteration":232,"passed_time":3.152701829,"remaining_time":10.37820731},
{"learn":[0.1926173668],"iteration":233,"passed_time":3.163168357,"remaining_time":10.35464513},
{"learn":[0.1920170626],"iteration":234,"passed_time":3.173212811,"remaining_time":10.32982043},
{"learn":[0.1912665232],"iteration":235,"passed_time":3.183820558,"remaining_time":10.30694452},
{"learn":[0.1908308922],"iteration":236,"passed_time":3.192547409,"remaining_time":10.27811676},
{"learn":[0.1901134679],"iteration":237,"passed_time":3.201233448,"remaining_time":10.24932726},
{"learn":[0.1892103807],"iteration":238,"passed_time":3.210788599,"remaining_time":10.22347332},
{"learn":[0.1884468667],"iteration":239,"passed_time":3.247144494,"remaining_time":10.28262423},
{"learn":[0.1877454243],"iteration":240,"passed_time":3.257753336,"remaining_time":10.25989536},
{"learn":[0.1870943843],"iteration":241,"passed_time":3.267463406,"remaining_time":10.23445149},
{"learn":[0.1865167133],"iteration":242,"passed_time":3.278405401,"remaining_time":10.21297485},
{"learn":[0.1855785538],"iteration":243,"passed_time":3.288762009,"remaining_time":10.18977082},
{"learn":[0.184949774],"iteration":244,"passed_time":3.30143663,"remaining_time":10.17381492},
{"learn":[0.1841747181],"iteration":245,"passed_time":3.311503503,"remaining_time":10.14989285},
{"learn":[0.1832933466],"iteration":246,"passed_time":3.321608848,"remaining_time":10.12620025},
{"learn":[0.1824017661],"iteration":247,"passed_time":3.334196338,"remaining_time":10.11014374},
{"learn":[0.1815190648],"iteration":248,"passed_time":3.345918648,"remaining_time":10.09150564},
{"learn":[0.1809653103],"iteration":249,"passed_time":3.356137357,"remaining_time":10.06841207},
{"learn":[0.1801509555],"iteration":250,"passed_time":3.365627407,"remaining_time":10.04324672},
{"learn":[0.1796081726],"iteration":251,"passed_time":3.375960777,"remaining_time":10.02070897},
{"learn":[0.1785624797],"iteration":252,"passed_time":3.384791911,"remaining_time":9.993832243},
{"learn":[0.1779170989],"iteration":253,"passed_time":3.394075717,"remaining_time":9.968427107},
{"learn":[0.1772960439],"iteration":254,"passed_time":3.404265161,"remaining_time":9.945794293},
{"learn":[0.1765741418],"iteration":255,"passed_time":3.413355019,"remaining_time":9.920063023},
{"learn":[0.1758252908],"iteration":256,"passed_time":3.42224494,"remaining_time":9.89388323},
{"learn":[0.1750140287],"iteration":257,"passed_time":3.431049232,"remaining_time":9.867591203},
{"learn":[0.1741088133],"iteration":258,"passed_time":3.441015308,"remaining_time":9.844758083},
{"learn":[0.1732772806],"iteration":259,"passed_time":3.450092243,"remaining_time":9.819493307},
{"learn":[0.1721187769],"iteration":260,"passed_time":3.459545715,"remaining_time":9.795418711},
{"learn":[0.1714305201],"iteration":261,"passed_time":3.468991074,"remaining_time":9.771432874},
{"learn":[0.1706301919],"iteration":262,"passed_time":3.477499859,"remaining_time":9.744933065},
{"learn":[0.1700451824],"iteration":263,"passed_time":3.53678025,"remaining_time":9.860114637},
{"learn":[0.1690599007],"iteration":264,"passed_time":3.547719269,"remaining_time":9.839900614},
{"learn":[0.1685642215],"iteration":265,"passed_time":3.561952737,"remaining_time":9.828847026},
{"learn":[0.1681787677],"iteration":266,"passed_time":3.574390733,"remaining_time":9.812840476},
{"learn":[0.1678614644],"iteration":267,"passed_time":3.589526919,"remaining_time":9.80423024},
{"learn":[0.1668465517],"iteration":268,"passed_time":3.598758868,"remaining_time":9.779526887},
{"learn":[0.1661006009],"iteration":269,"passed_time":3.61234788,"remaining_time":9.766718344},
{"learn":[0.164942239],"iteration":270,"passed_time":3.627965385,"remaining_time":9.759360759},
{"learn":[0.1642892429],"iteration":271,"passed_time":3.642928277,"remaining_time":9.75019039},
{"learn":[0.1636791735],"iteration":272,"passed_time":3.657841209,"remaining_time":9.740844538},
{"learn":[0.1629066956],"iteration":273,"passed_time":3.671307529,"remaining_time":9.727625059},
{"learn":[0.1621477684],"iteration":274,"passed_time":3.681827201,"remaining_time":9.706635349},
{"learn":[0.1613245783],"iteration":275,"passed_time":3.692479395,"remaining_time":9.686069139},
{"learn":[0.1608733228],"iteration":276,"passed_time":3.703393326,"remaining_time":9.66625767},
{"learn":[0.1603257079],"iteration":277,"passed_time":3.712703796,"remaining_time":9.64234583},
{"learn":[0.1598028188],"iteration":278,"passed_time":3.72348039,"remaining_time":9.62232746},
{"learn":[0.159371881],"iteration":279,"passed_time":3.733090736,"remaining_time":9.599376178},
{"learn":[0.1587395649],"iteration":280,"passed_time":3.755004729,"remaining_time":9.608001423},
{"learn":[0.1582178856],"iteration":281,"passed_time":3.76826323,"remaining_time":9.594372337},
{"learn":[0.157518266],"iteration":282,"passed_time":3.777351938,"remaining_time":9.570181413},
{"learn":[0.1566156323],"iteration":283,"passed_time":3.786109815,"remaining_time":9.545262773},
{"learn":[0.1558844692],"iteration":284,"passed_time":3.794816591,"remaining_time":9.520329342},
{"learn":[0.155244863],"iteration":285,"passed_time":3.803181081,"remaining_time":9.494654866},
{"learn":[0.1544709627],"iteration":286,"passed_time":3.814265888,"remaining_time":9.475859157},
{"learn":[0.1540849466],"iteration":287,"passed_time":3.823630841,"remaining_time":9.452865135},
{"learn":[0.1536885778],"iteration":288,"passed_time":3.832397268,"remaining_time":9.428492934},
{"learn":[0.1532545659],"iteration":289,"passed_time":3.842044994,"remaining_time":9.406386021},
{"learn":[0.1528559556],"iteration":290,"passed_time":3.852612245,"remaining_time":9.386605093},
{"learn":[0.1521007527],"iteration":291,"passed_time":3.86229077,"remaining_time":9.364732415},
{"learn":[0.1513878667],"iteration":292,"passed_time":3.871932087,"remaining_time":9.342853193},
{"learn":[0.1506791355],"iteration":293,"passed_time":3.880476561,"remaining_time":9.318423306},
{"learn":[0.150060619],"iteration":294,"passed_time":3.888942697,"remaining_time":9.293913902},
{"learn":[0.1495870437],"iteration":295,"passed_time":3.898279905,"remaining_time":9.271584638},
{"learn":[0.1490493831],"iteration":296,"passed_time":3.906466085,"remaining_time":9.246618376},
{"learn":[0.148662013],"iteration":297,"passed_time":3.915571051,"remaining_time":9.22392912},
{"learn":[0.1480777647],"iteration":298,"passed_time":3.924407654,"remaining_time":9.200701556},
{"learn":[0.1477489973],"iteration":299,"passed_time":3.933516119,"remaining_time":9.178204278},
{"learn":[0.1475059504],"iteration":300,"passed_time":3.943395308,"remaining_time":9.157585783},
{"learn":[0.1471103791],"iteration":301,"passed_time":3.95228567,"remaining_time":9.134752973},
{"learn":[0.1466132138],"iteration":302,"passed_time":3.961592387,"remaining_time":9.112969945},
{"learn":[0.1458633176],"iteration":303,"passed_time":3.974737203,"remaining_time":9.100056227},
{"learn":[0.1454688203],"iteration":304,"passed_time":4.026803956,"remaining_time":9.175831965},
{"learn":[0.1449735844],"iteration":305,"passed_time":4.035475005,"remaining_time":9.152351809},
{"learn":[0.144331504],"iteration":306,"passed_time":4.044763734,"remaining_time":9.130362435},
{"learn":[0.143564083],"iteration":307,"passed_time":4.053432004,"remaining_time":9.107061516},
{"learn":[0.1428493868],"iteration":308,"passed_time":4.062710879,"remaining_time":9.085220768},
{"learn":[0.1425594901],"iteration":309,"passed_time":4.071051221,"remaining_time":9.061372072},
{"learn":[0.1420659819],"iteration":310,"passed_time":4.079904008,"remaining_time":9.038758397},
{"learn":[0.1413658529],"iteration":311,"passed_time":4.09007007,"remaining_time":9.019128873},
{"learn":[0.1407173312],"iteration":312,"passed_time":4.100499072,"remaining_time":9.000136942},
{"learn":[0.1400331208],"iteration":313,"passed_time":4.109897184,"remaining_time":8.978947351},
{"learn":[0.1392722562],"iteration":314,"passed_time":4.118759634,"remaining_time":8.956667776},
{"learn":[0.1385763515],"iteration":315,"passed_time":4.127431169,"remaining_time":8.934059872},
{"learn":[0.1381976091],"iteration":316,"passed_time":4.136034636,"remaining_time":8.911393238},
{"learn":[0.1375810722],"iteration":317,"passed_time":4.1447575,"remaining_time":8.889071115},
{"learn":[0.1371480315],"iteration":318,"passed_time":4.153159995,"remaining_time":8.866150334},
{"learn":[0.1363874497],"iteration":319,"passed_time":4.162347966,"remaining_time":8.844989428},
{"learn":[0.1356692455],"iteration":320,"passed_time":4.170646486,"remaining_time":8.822021694},
{"learn":[0.1348057886],"iteration":321,"passed_time":4.18001195,"remaining_time":8.801391621},
{"learn":[0.13450833],"iteration":322,"passed_time":4.188522296,"remaining_time":8.779038992},
{"learn":[0.1341372956],"iteration":323,"passed_time":4.19770782,"remaining_time":8.758180513},
{"learn":[0.1335772135],"iteration":324,"passed_time":4.206328306,"remaining_time":8.736220329},
{"learn":[0.1330538621],"iteration":325,"passed_time":4.214716143,"remaining_time":8.713860982},
{"learn":[0.1325542369],"iteration":326,"passed_time":4.222972113,"remaining_time":8.691315695},
{"learn":[0.1319894919],"iteration":327,"passed_time":4.271788763,"remaining_time":8.751957466},
{"learn":[0.1314963325],"iteration":328,"passed_time":4.281916443,"remaining_time":8.733027153},
{"learn":[0.1311490493],"iteration":329,"passed_time":4.290740429,"remaining_time":8.711503296},
{"learn":[0.1308007791],"iteration":330,"passed_time":4.299529662,"remaining_time":8.689985933},
{"learn":[0.1305001933],"iteration":331,"passed_time":4.309188841,"remaining_time":8.67029562},
{"learn":[0.1298826303],"iteration":332,"passed_time":4.317365832,"remaining_time":8.647696727},
{"learn":[0.1291935315],"iteration":333,"passed_time":4.326299336,"remaining_time":8.626692688},
{"learn":[0.1285626343],"iteration":334,"passed_time":4.335878092,"remaining_time":8.607041586},
{"learn":[0.1282109322],"iteration":335,"passed_time":4.34539518,"remaining_time":8.587328571},
{"learn":[0.1276293512],"iteration":336,"passed_time":4.355510806,"remaining_time":8.568853603},
{"learn":[0.1271979299],"iteration":337,"passed_time":4.364544433,"remaining_time":8.548308918},
{"learn":[0.126724205],"iteration":338,"passed_time":4.374337556,"remaining_time":8.529313052},
{"learn":[0.1261002219],"iteration":339,"passed_time":4.383706056,"remaining_time":8.50954705},
{"learn":[0.1256708896],"iteration":340,"passed_time":4.393498962,"remaining_time":8.490662217},
{"learn":[0.1252894557],"iteration":341,"passed_time":4.4035564,"remaining_time":8.472339506},
{"learn":[0.1250771187],"iteration":342,"passed_time":4.412276499,"remaining_time":8.451503381},
{"learn":[0.124518429],"iteration":343,"passed_time":4.422427261,"remaining_time":8.43346594},
{"learn":[0.1241474532],"iteration":344,"passed_time":4.432771277,"remaining_time":8.415841121},
{"learn":[0.1237838647],"iteration":345,"passed_time":4.442699851,"remaining_time":8.397473129},
{"learn":[0.1233098597],"iteration":346,"passed_time":4.452078853,"remaining_time":8.378119571},
{"learn":[0.1225521658],"iteration":347,"passed_time":4.462222949,"remaining_time":8.36025679},
{"learn":[0.1220930567],"iteration":348,"passed_time":4.472520441,"remaining_time":8.342724375},
{"learn":[0.1218635214],"iteration":349,"passed_time":4.505480177,"remaining_time":8.367320328},
{"learn":[0.121390908],"iteration":350,"passed_time":4.518259054,"remaining_time":8.354273863},
{"learn":[0.1210879344],"iteration":351,"passed_time":4.527144971,"remaining_time":8.334062334},
{"learn":[0.1207779393],"iteration":352,"passed_time":4.537182294,"remaining_time":8.316025339},
{"learn":[0.1202378911],"iteration":353,"passed_time":4.545458352,"remaining_time":8.294819478},
{"learn":[0.1196485844],"iteration":354,"passed_time":4.554439914,"remaining_time":8.274968294},
{"learn":[0.119007591],"iteration":355,"passed_time":4.562887951,"remaining_time":8.254213036},
{"learn":[0.1187521778],"iteration":356,"passed_time":4.572462262,"remaining_time":8.235555278},
{"learn":[0.1183058884],"iteration":357,"passed_time":4.58105388,"remaining_time":8.215186008},
{"learn":[0.117816947],"iteration":358,"passed_time":4.589761516,"remaining_time":8.195089504},
{"learn":[0.1173484881],"iteration":359,"passed_time":4.599893013,"remaining_time":8.177587578},
{"learn":[0.1167944656],"iteration":360,"passed_time":4.607947802,"remaining_time":8.156450541},
{"learn":[0.1163288147],"iteration":361,"passed_time":4.620360353,"remaining_time":8.143066037},
{"learn":[0.1159051237],"iteration":362,"passed_time":4.630721256,"remaining_time":8.126086611},
{"learn":[0.1155570548],"iteration":363,"passed_time":4.639099054,"remaining_time":8.105678566},
{"learn":[0.114903902],"iteration":364,"passed_time":4.649580634,"remaining_time":8.088996446},
{"learn":[0.114632416],"iteration":365,"passed_time":4.659245626,"remaining_time":8.07093368},
{"learn":[0.1143946386],"iteration":366,"passed_time":4.669362517,"remaining_time":8.053696113},
{"learn":[0.1140302034],"iteration":367,"passed_time":4.678890596,"remaining_time":8.035486024},
{"learn":[0.1137340333],"iteration":368,"passed_time":4.688417988,"remaining_time":8.017321817},
{"learn":[0.1134251665],"iteration":369,"passed_time":4.699227682,"remaining_time":8.001387675},
{"learn":[0.1130907991],"iteration":370,"passed_time":4.70881844,"remaining_time":7.983414551},
{"learn":[0.1129839767],"iteration":371,"passed_time":4.718877678,"remaining_time":7.96627737},
{"learn":[0.1127162928],"iteration":372,"passed_time":4.728076536,"remaining_time":7.947731871},
{"learn":[0.1125624872],"iteration":373,"passed_time":4.78115973,"remaining_time":8.002689815},
{"learn":[0.1121604448],"iteration":374,"passed_time":4.835837559,"remaining_time":8.059729265},
{"learn":[0.1118648295],"iteration":375,"passed_time":4.852670435,"remaining_time":8.053367957},
{"learn":[0.1115432704],"iteration":376,"passed_time":4.869579207,"remaining_time":8.047076515},
{"learn":[0.1113593867],"iteration":377,"passed_time":4.885338565,"remaining_time":8.038837533},
{"learn":[0.1110839172],"iteration":378,"passed_time":4.899612567,"remaining_time":8.028125078},
{"learn":[0.1107575305],"iteration":379,"passed_time":4.913139365,"remaining_time":8.016174753},
{"learn":[0.1105310571],"iteration":380,"passed_time":4.923051361,"remaining_time":7.998343287},
{"learn":[0.1102520407],"iteration":381,"passed_time":4.93710257,"remaining_time":7.987249708},
{"learn":[0.1100690677],"iteration":382,"passed_time":4.948189199,"remaining_time":7.971364845},
{"learn":[0.1098140397],"iteration":383,"passed_time":4.958010917,"remaining_time":7.953475846},
{"learn":[0.1093877001],"iteration":384,"passed_time":4.976551448,"remaining_time":7.94955621},
{"learn":[0.1089348122],"iteration":385,"passed_time":5.04518059,"remaining_time":8.025235447},
{"learn":[0.1083379227],"iteration":386,"passed_time":5.057200625,"remaining_time":8.010501249},
{"learn":[0.1079937965],"iteration":387,"passed_time":5.068441499,"remaining_time":7.994552055},
{"learn":[0.1077710993],"iteration":388,"passed_time":5.081825457,"remaining_time":7.981993198},
{"learn":[0.1072871658],"iteration":389,"passed_time":5.093894802,"remaining_time":7.967373921},
{"learn":[0.1070086059],"iteration":390,"passed_time":5.109648622,"remaining_time":7.958506421},
{"learn":[0.1066328893],"iteration":391,"passed_time":5.124696213,"remaining_time":7.948508412},
{"learn":[0.1062318215],"iteration":392,"passed_time":5.144110675,"remaining_time":7.945229465},
{"learn":[0.1058915811],"iteration":393,"passed_time":5.159213909,"remaining_time":7.935237637},
{"learn":[0.1056552363],"iteration":394,"passed_time":5.173504949,"remaining_time":7.923975935},
{"learn":[0.1052909914],"iteration":395,"passed_time":5.188793948,"remaining_time":7.914221071},
{"learn":[0.1050521328],"iteration":396,"passed_time":5.209786021,"remaining_time":7.913100682},
{"learn":[0.1046752546],"iteration":397,"passed_time":5.226795926,"remaining_time":7.905857155},
{"learn":[0.1044453617],"iteration":398,"passed_time":5.267294401,"remaining_time":7.9339447},
{"learn":[0.1039911693],"iteration":399,"passed_time":5.292231137,"remaining_time":7.938346706},
{"learn":[0.103728074],"iteration":400,"passed_time":5.314026424,"remaining_time":7.937909795},
{"learn":[0.1034980381],"iteration":401,"passed_time":5.331324664,"remaining_time":7.930676988},
{"learn":[0.1033284041],"iteration":402,"passed_time":5.355207363,"remaining_time":7.933148377},
{"learn":[0.1031194058],"iteration":403,"passed_time":5.370956038,"remaining_time":7.9234896},
{"learn":[0.1025465376],"iteration":404,"passed_time":5.38241527,"remaining_time":7.907498976},
{"learn":[0.1022203646],"iteration":405,"passed_time":5.415540509,"remaining_time":7.923229217},
{"learn":[0.1020292598],"iteration":406,"passed_time":5.438319263,"remaining_time":7.923644528},
{"learn":[0.1015989094],"iteration":407,"passed_time":5.455223851,"remaining_time":7.915422843},
{"learn":[0.1012723123],"iteration":408,"passed_time":5.470129454,"remaining_time":7.90427019},
{"learn":[0.1009652264],"iteration":409,"passed_time":5.506930059,"remaining_time":7.92460667},
{"learn":[0.1006195402],"iteration":410,"passed_time":5.518179744,"remaining_time":7.908048344},
{"learn":[0.1002938053],"iteration":411,"passed_time":5.527584558,"remaining_time":7.888882816},
{"learn":[0.09995409742],"iteration":412,"passed_time":5.539386967,"remaining_time":7.873172275},
{"learn":[0.09947941868],"iteration":413,"passed_time":5.54878908,"remaining_time":7.854083093},
{"learn":[0.09925975187],"iteration":414,"passed_time":5.5591649,"remaining_time":7.836413172},
{"learn":[0.09893624955],"iteration":415,"passed_time":5.571375064,"remaining_time":7.821353455},
{"learn":[0.0984229041],"iteration":416,"passed_time":5.583186476,"remaining_time":7.805749918},
{"learn":[0.09808193086],"iteration":417,"passed_time":5.592848937,"remaining_time":7.787172443},
{"learn":[0.09777014072],"iteration":418,"passed_time":5.604131343,"remaining_time":7.770883796},
{"learn":[0.0973340101],"iteration":419,"passed_time":5.613171774,"remaining_time":7.751522926},
{"learn":[0.09705029383],"iteration":420,"passed_time":5.623423904,"remaining_time":7.733877531},
{"learn":[0.0968183435],"iteration":421,"passed_time":5.635745627,"remaining_time":7.719101831},
{"learn":[0.09651643547],"iteration":422,"passed_time":5.647259073,"remaining_time":7.70323519},
{"learn":[0.09629369676],"iteration":423,"passed_time":5.656995322,"remaining_time":7.684974777},
{"learn":[0.09594665751],"iteration":424,"passed_time":5.669509212,"remaining_time":7.670512463},
{"learn":[0.09570967904],"iteration":425,"passed_time":5.681112783,"remaining_time":7.654832717},
{"learn":[0.09539673297],"iteration":426,"passed_time":5.690475824,"remaining_time":7.636165451},
{"learn":[0.09501543716],"iteration":427,"passed_time":5.70536118,"remaining_time":7.624921951},
{"learn":[0.09475942345],"iteration":428,"passed_time":5.719672637,"remaining_time":7.612897612},
{"learn":[0.0945983033],"iteration":429,"passed_time":5.756374187,"remaining_time":7.630542527},
{"learn":[0.09421153436],"iteration":430,"passed_time":5.773440845,"remaining_time":7.622013552},
{"learn":[0.09388297838],"iteration":431,"passed_time":5.799166052,"remaining_time":7.624829439},
{"learn":[0.09360860122],"iteration":432,"passed_time":5.849144603,"remaining_time":7.659272495},
{"learn":[0.09330321956],"iteration":433,"passed_time":5.884399769,"remaining_time":7.674125045},
{"learn":[0.09313735664],"iteration":434,"passed_time":5.918267822,"remaining_time":7.686945562},
{"learn":[0.09295398761],"iteration":435,"passed_time":5.940903024,"remaining_time":7.685021343},
{"learn":[0.09270880928],"iteration":436,"passed_time":5.968976351,"remaining_time":7.690008434},
{"learn":[0.09243578164],"iteration":437,"passed_time":6.021844594,"remaining_time":7.726659045},
{"learn":[0.09220735474],"iteration":438,"passed_time":6.084243863,"remaining_time":7.775081566},
{"learn":[0.09204290781],"iteration":439,"passed_time":6.42451887,"remaining_time":8.17666038},
{"learn":[0.09166002914],"iteration":440,"passed_time":6.458643146,"remaining_time":8.186806164},
{"learn":[0.09148134285],"iteration":441,"passed_time":6.47864676,"remaining_time":8.178925096},
{"learn":[0.09116939618],"iteration":442,"passed_time":6.49302945,"remaining_time":8.163921904},
{"learn":[0.09094492365],"iteration":443,"passed_time":6.508867515,"remaining_time":8.150744005},
{"learn":[0.0905748664],"iteration":444,"passed_time":6.562772947,"remaining_time":8.185031429},
{"learn":[0.09027606845],"iteration":445,"passed_time":6.590811612,"remaining_time":8.1867929},
{"learn":[0.08995482196],"iteration":446,"passed_time":6.623342692,"remaining_time":8.193978767},
{"learn":[0.08964494173],"iteration":447,"passed_time":6.649962974,"remaining_time":8.193704379},
{"learn":[0.08944064253],"iteration":448,"passed_time":6.68114577,"remaining_time":8.198911624},
{"learn":[0.08912130856],"iteration":449,"passed_time":6.71261308,"remaining_time":8.204304876},
{"learn":[0.08886160283],"iteration":450,"passed_time":6.734698483,"remaining_time":8.198114118},
{"learn":[0.08848415107],"iteration":451,"passed_time":6.768556068,"remaining_time":8.206125499},
{"learn":[0.08831268082],"iteration":452,"passed_time":6.797110362,"remaining_time":8.207548274},
{"learn":[0.08816297969],"iteration":453,"passed_time":6.811695282,"remaining_time":8.192038819},
{"learn":[0.08783147833],"iteration":454,"passed_time":6.897029533,"remaining_time":8.261277133},
{"learn":[0.08749891756],"iteration":455,"passed_time":6.914793353,"remaining_time":8.249227158},
{"learn":[0.08733017369],"iteration":456,"passed_time":6.956826123,"remaining_time":8.26598815},
{"learn":[0.08714402361],"iteration":457,"passed_time":6.973721655,"remaining_time":8.25274484},
{"learn":[0.08697895304],"iteration":458,"passed_time":6.985909409,"remaining_time":8.233936798},
{"learn":[0.08674248625],"iteration":459,"passed_time":6.997145861,"remaining_time":8.214040794},
{"learn":[0.08650898689],"iteration":460,"passed_time":7.010513486,"remaining_time":8.196674119},
{"learn":[0.08634606596],"iteration":461,"passed_time":7.022112069,"remaining_time":8.177264704},
{"learn":[0.0862181317],"iteration":462,"passed_time":7.03217051,"remaining_time":8.15610273},
{"learn":[0.08615596809],"iteration":463,"passed_time":7.045075223,"remaining_time":8.13827655},
{"learn":[0.0860555443],"iteration":464,"passed_time":7.056483883,"remaining_time":8.118750274},
{"learn":[0.08578457138],"iteration":465,"passed_time":7.071086879,"remaining_time":8.102919299},
{"learn":[0.08548200621],"iteration":466,"passed_time":7.080174656,"remaining_time":8.080798912},
{"learn":[0.08531583277],"iteration":467,"passed_time":7.093109955,"remaining_time":8.063107898},
{"learn":[0.08517408736],"iteration":468,"passed_time":7.096238968,"remaining_time":8.034334525},
{"learn":[0.08503577222],"iteration":469,"passed_time":7.110102422,"remaining_time":8.017775072},
{"learn":[0.08483827104],"iteration":470,"passed_time":7.137177348,"remaining_time":8.01606543},
{"learn":[0.08467568449],"iteration":471,"passed_time":7.175836439,"remaining_time":8.027206864},
{"learn":[0.0844966444],"iteration":472,"passed_time":7.194588673,"remaining_time":8.015958204},
{"learn":[0.08434713687],"iteration":473,"passed_time":7.212395794,"remaining_time":8.003629087},
{"learn":[0.08421032752],"iteration":474,"passed_time":7.224426984,"remaining_time":7.984892983},
{"learn":[0.08398027293],"iteration":475,"passed_time":7.247205116,"remaining_time":7.978015716},
{"learn":[0.08379349827],"iteration":476,"passed_time":7.269024522,"remaining_time":7.970020598},
{"learn":[0.08368253912],"iteration":477,"passed_time":7.281566625,"remaining_time":7.951836356},
{"learn":[0.08336445018],"iteration":478,"passed_time":7.296711328,"remaining_time":7.936506476},
{"learn":[0.08314556128],"iteration":479,"passed_time":7.307627024,"remaining_time":7.916595942},
{"learn":[0.08284935761],"iteration":480,"passed_time":7.328115883,"remaining_time":7.907052272},
{"learn":[0.08260467095],"iteration":481,"passed_time":7.33860963,"remaining_time":7.886721553},
{"learn":[0.08243020399],"iteration":482,"passed_time":7.355194548,"remaining_time":7.872951514},
{"learn":[0.0822055516],"iteration":483,"passed_time":7.366624606,"remaining_time":7.853674167},
{"learn":[0.08197034187],"iteration":484,"passed_time":7.379920376,"remaining_time":7.836410296},
{"learn":[0.08171770976],"iteration":485,"passed_time":7.396541877,"remaining_time":7.822680093},
{"learn":[0.0813771377],"iteration":486,"passed_time":7.409001407,"remaining_time":7.804553844},
{"learn":[0.08123282715],"iteration":487,"passed_time":7.42091134,"remaining_time":7.785874193},
{"learn":[0.08105258726],"iteration":488,"passed_time":7.434284917,"remaining_time":7.768751724},
{"learn":[0.08093306278],"iteration":489,"passed_time":7.445751677,"remaining_time":7.749659909},
{"learn":[0.08067858956],"iteration":490,"passed_time":7.464795516,"remaining_time":7.738454008},
{"learn":[0.08052463683],"iteration":491,"passed_time":7.484373013,"remaining_time":7.727767257},
{"learn":[0.08035681654],"iteration":492,"passed_time":7.517375952,"remaining_time":7.730851131},
{"learn":[0.08016186757],"iteration":493,"passed_time":7.54273963,"remaining_time":7.725964074},
{"learn":[0.08004414452],"iteration":494,"passed_time":7.560220357,"remaining_time":7.712952082},
{"learn":[0.07986290799],"iteration":495,"passed_time":7.571647864,"remaining_time":7.693771216},
{"learn":[0.07958771656],"iteration":496,"passed_time":7.581985943,"remaining_time":7.673518973},
{"learn":[0.0792802363],"iteration":497,"passed_time":7.605261841,"remaining_time":7.666348281},
{"learn":[0.07894151172],"iteration":498,"passed_time":7.622729484,"remaining_time":7.653281506},
{"learn":[0.07860882354],"iteration":499,"passed_time":7.639931021,"remaining_time":7.639931021},
{"learn":[0.07835886543],"iteration":500,"passed_time":7.651802812,"remaining_time":7.621256693},
{"learn":[0.07815320028],"iteration":501,"passed_time":7.668963855,"remaining_time":7.607856573},
{"learn":[0.07804472903],"iteration":502,"passed_time":7.681430972,"remaining_time":7.589803565},
{"learn":[0.07780665668],"iteration":503,"passed_time":7.693657078,"remaining_time":7.571535537},
{"learn":[0.07763168933],"iteration":504,"passed_time":7.705032404,"remaining_time":7.552457505},
{"learn":[0.07748254934],"iteration":505,"passed_time":7.721259358,"remaining_time":7.538146488},
{"learn":[0.07725757794],"iteration":506,"passed_time":7.737033346,"remaining_time":7.523387455},
{"learn":[0.07717827001],"iteration":507,"passed_time":7.753945525,"remaining_time":7.509726768},
{"learn":[0.07698991399],"iteration":508,"passed_time":7.766646999,"remaining_time":7.491991506},
{"learn":[0.07658540993],"iteration":509,"passed_time":7.77995066,"remaining_time":7.474854555},
{"learn":[0.07633984868],"iteration":510,"passed_time":7.788569092,"remaining_time":7.453249092},
{"learn":[0.07607543187],"iteration":511,"passed_time":7.799045231,"remaining_time":7.433464986},
{"learn":[0.07599386973],"iteration":512,"passed_time":7.808497869,"remaining_time":7.41274554},
{"learn":[0.07581463302],"iteration":513,"passed_time":7.820976093,"remaining_time":7.394930702},
{"learn":[0.07556609981],"iteration":514,"passed_time":7.832362651,"remaining_time":7.376108516},
{"learn":[0.07545148597],"iteration":515,"passed_time":7.841002947,"remaining_time":7.354739198},
{"learn":[0.07518457462],"iteration":516,"passed_time":7.856615517,"remaining_time":7.339932872},
{"learn":[0.07497607897],"iteration":517,"passed_time":7.867602479,"remaining_time":7.320819295},
{"learn":[0.07478824499],"iteration":518,"passed_time":7.879463271,"remaining_time":7.302546885},
{"learn":[0.07465991744],"iteration":519,"passed_time":7.888550481,"remaining_time":7.281738906},
{"learn":[0.07456072615],"iteration":520,"passed_time":7.900337136,"remaining_time":7.263457751},
{"learn":[0.07434418372],"iteration":521,"passed_time":7.912790117,"remaining_time":7.24581164},
{"learn":[0.07417135706],"iteration":522,"passed_time":7.92178187,"remaining_time":7.225028589},
{"learn":[0.07406578611],"iteration":523,"passed_time":7.943808232,"remaining_time":7.216131142},
{"learn":[0.07391212402],"iteration":524,"passed_time":7.953256015,"remaining_time":7.195803061},
{"learn":[0.07375211267],"iteration":525,"passed_time":7.965634255,"remaining_time":7.178157105},
{"learn":[0.07363861701],"iteration":526,"passed_time":7.976082856,"remaining_time":7.158799224},
{"learn":[0.07331447776],"iteration":527,"passed_time":7.985615184,"remaining_time":7.138655998},
{"learn":[0.07311231705],"iteration":528,"passed_time":8.003848346,"remaining_time":7.126299756},
{"learn":[0.07299709625],"iteration":529,"passed_time":8.016249198,"remaining_time":7.108749289},
{"learn":[0.07277523502],"iteration":530,"passed_time":8.029558493,"remaining_time":7.09202059},
{"learn":[0.07263394459],"iteration":531,"passed_time":8.038672986,"remaining_time":7.071614582},
{"learn":[0.07235259219],"iteration":532,"passed_time":8.049648078,"remaining_time":7.052881149},
{"learn":[0.07223302899],"iteration":533,"passed_time":8.062914257,"remaining_time":7.036176112},
{"learn":[0.07200030628],"iteration":534,"passed_time":8.07491713,"remaining_time":7.018385917},
{"learn":[0.07183133747],"iteration":535,"passed_time":8.084159256,"remaining_time":6.998227416},
{"learn":[0.07164807936],"iteration":536,"passed_time":8.095507068,"remaining_time":6.979925089},
{"learn":[0.07154887254],"iteration":537,"passed_time":8.10776943,"remaining_time":6.962433971},
{"learn":[0.07139967791],"iteration":538,"passed_time":8.116423398,"remaining_time":6.941876042},
{"learn":[0.07122824545],"iteration":539,"passed_time":8.128076087,"remaining_time":6.923916667},
{"learn":[0.07110205893],"iteration":540,"passed_time":8.142220783,"remaining_time":6.908094897},
{"learn":[0.07089403289],"iteration":541,"passed_time":8.151143971,"remaining_time":6.887867045},
{"learn":[0.07072671699],"iteration":542,"passed_time":8.163100299,"remaining_time":6.870233585},
{"learn":[0.07053789098],"iteration":543,"passed_time":8.174073893,"remaining_time":6.851797233},
{"learn":[0.07043629483],"iteration":544,"passed_time":8.183025897,"remaining_time":6.83170052},
{"learn":[0.07029705519],"iteration":545,"passed_time":8.199244286,"remaining_time":6.817686641},
{"learn":[0.07017937504],"iteration":546,"passed_time":8.210723094,"remaining_time":6.799739601},
{"learn":[0.07009040393],"iteration":547,"passed_time":8.225511164,"remaining_time":6.784545705},
{"learn":[0.06998316982],"iteration":548,"passed_time":8.241701719,"remaining_time":6.770505419},
{"learn":[0.0698063275],"iteration":549,"passed_time":8.252673895,"remaining_time":6.752187732},
{"learn":[0.06962905667],"iteration":550,"passed_time":8.266230714,"remaining_time":6.736002887},
{"learn":[0.06943083484],"iteration":551,"passed_time":8.280732298,"remaining_time":6.720594329},
{"learn":[0.06926478177],"iteration":552,"passed_time":8.290966888,"remaining_time":6.701739962},
{"learn":[0.0691188884],"iteration":553,"passed_time":8.306003615,"remaining_time":6.686782694},
{"learn":[0.06900295587],"iteration":554,"passed_time":8.317077362,"remaining_time":6.668647615},
{"learn":[0.06886617371],"iteration":555,"passed_time":8.326034681,"remaining_time":6.648847839},
{"learn":[0.06867585881],"iteration":556,"passed_time":8.340489161,"remaining_time":6.633459063},
{"learn":[0.06852279536],"iteration":557,"passed_time":8.351869852,"remaining_time":6.615638843},
{"learn":[0.06831647988],"iteration":558,"passed_time":8.361534502,"remaining_time":6.596487863},
{"learn":[0.06823193348],"iteration":559,"passed_time":8.370488537,"remaining_time":6.576812422},
{"learn":[0.0680795715],"iteration":560,"passed_time":8.384889806,"remaining_time":6.561437834},
{"learn":[0.06790850798],"iteration":561,"passed_time":8.39479971,"remaining_time":6.542566322},
{"learn":[0.06781941048],"iteration":562,"passed_time":8.405350763,"remaining_time":6.524224305},
{"learn":[0.06766715001],"iteration":563,"passed_time":8.419392606,"remaining_time":6.508608468},
{"learn":[0.06748885464],"iteration":564,"passed_time":8.430993177,"remaining_time":6.49111864},
{"learn":[0.067417554],"iteration":565,"passed_time":8.440041137,"remaining_time":6.471692321},
{"learn":[0.06728121666],"iteration":566,"passed_time":8.451790414,"remaining_time":6.454365519},
{"learn":[0.06713936409],"iteration":567,"passed_time":8.467088998,"remaining_time":6.439757829},
{"learn":[0.06698741477],"iteration":568,"passed_time":8.478628355,"remaining_time":6.422300212},
{"learn":[0.06685000309],"iteration":569,"passed_time":8.488472968,"remaining_time":6.403584871},
{"learn":[0.06671610149],"iteration":570,"passed_time":8.503327706,"remaining_time":6.388664774},
{"learn":[0.0666066152],"iteration":571,"passed_time":8.514147097,"remaining_time":6.37072545},
{"learn":[0.06637443615],"iteration":572,"passed_time":8.534609181,"remaining_time":6.359996719},
{"learn":[0.06624406738],"iteration":573,"passed_time":8.547009839,"remaining_time":6.343251205},
{"learn":[0.06612641694],"iteration":574,"passed_time":8.557367088,"remaining_time":6.325010457},
{"learn":[0.06589148379],"iteration":575,"passed_time":8.567025998,"remaining_time":6.306283026},
{"learn":[0.0657776494],"iteration":576,"passed_time":8.58118021,"remaining_time":6.290882546},
{"learn":[0.06564942003],"iteration":577,"passed_time":8.591242218,"remaining_time":6.272498644},
{"learn":[0.06550352372],"iteration":578,"passed_time":8.602787723,"remaining_time":6.255222162},
{"learn":[0.06533355426],"iteration":579,"passed_time":8.613918996,"remaining_time":6.23766548},
{"learn":[0.06524209506],"iteration":580,"passed_time":8.624423781,"remaining_time":6.219679112},
{"learn":[0.06515624181],"iteration":581,"passed_time":8.633792584,"remaining_time":6.200902578},
{"learn":[0.06501740872],"iteration":582,"passed_time":8.643960632,"remaining_time":6.182729989},
{"learn":[0.06490857962],"iteration":583,"passed_time":8.652943644,"remaining_time":6.163740678},
{"learn":[0.06480506892],"iteration":584,"passed_time":8.681272486,"remaining_time":6.158509541},
{"learn":[0.06468332926],"iteration":585,"passed_time":8.693344191,"remaining_time":6.141714155},
{"learn":[0.06449698781],"iteration":586,"passed_time":8.702046448,"remaining_time":6.122564196},
{"learn":[0.06436430232],"iteration":587,"passed_time":8.713689889,"remaining_time":6.105510602},
{"learn":[0.06409719406],"iteration":588,"passed_time":8.728091825,"remaining_time":6.090400238},
{"learn":[0.06398457519],"iteration":589,"passed_time":8.738411712,"remaining_time":6.072455596},
{"learn":[0.06384027175],"iteration":590,"passed_time":8.749405519,"remaining_time":6.055003143},
{"learn":[0.06368160507],"iteration":591,"passed_time":8.760005166,"remaining_time":6.037300857},
{"learn":[0.06354150087],"iteration":592,"passed_time":8.774827088,"remaining_time":6.022520446},
{"learn":[0.06339915566],"iteration":593,"passed_time":8.790736435,"remaining_time":6.008483152},
{"learn":[0.06326816974],"iteration":594,"passed_time":8.801180017,"remaining_time":5.990719171},
{"learn":[0.06304705225],"iteration":595,"passed_time":8.815749899,"remaining_time":5.975776777},
{"learn":[0.06290891541],"iteration":596,"passed_time":8.828305699,"remaining_time":5.959476041},
{"learn":[0.06276221911],"iteration":597,"passed_time":8.838178049,"remaining_time":5.941383906},
{"learn":[0.06264921189],"iteration":598,"passed_time":8.8483366,"remaining_time":5.923510812},
{"learn":[0.06253587938],"iteration":599,"passed_time":8.86258494,"remaining_time":5.90838996},
{"learn":[0.06237459609],"iteration":600,"passed_time":8.873391098,"remaining_time":5.890986769},
{"learn":[0.06221479063],"iteration":601,"passed_time":8.887398347,"remaining_time":5.875721831},
{"learn":[0.06202744449],"iteration":602,"passed_time":8.898053693,"remaining_time":5.858254256},
{"learn":[0.0619542275],"iteration":603,"passed_time":8.908939603,"remaining_time":5.840960402},
{"learn":[0.06183011084],"iteration":604,"passed_time":8.924815247,"remaining_time":5.826945492},
{"learn":[0.06174376555],"iteration":605,"passed_time":8.934909094,"remaining_time":5.809165319},
{"learn":[0.06151779614],"iteration":606,"passed_time":8.945186641,"remaining_time":5.791529407},
{"learn":[0.0613391968],"iteration":607,"passed_time":8.955158082,"remaining_time":5.773720342},
{"learn":[0.06128197787],"iteration":608,"passed_time":8.962994022,"remaining_time":5.754565948},
{"learn":[0.06113464146],"iteration":609,"passed_time":8.976708148,"remaining_time":5.739206849},
{"learn":[0.06097606942],"iteration":610,"passed_time":8.987510714,"remaining_time":5.721999456},
{"learn":[0.0608791178],"iteration":611,"passed_time":8.99638461,"remaining_time":5.703590243},
{"learn":[0.06077372409],"iteration":612,"passed_time":9.007053196,"remaining_time":5.686345166},
{"learn":[0.06067800775],"iteration":613,"passed_time":9.016942799,"remaining_time":5.668631792},
{"learn":[0.06061343444],"iteration":614,"passed_time":9.120352721,"remaining_time":5.709489102},
{"learn":[0.06045992086],"iteration":615,"passed_time":9.166460122,"remaining_time":5.714156959},
{"learn":[0.06035452226],"iteration":616,"passed_time":9.195661442,"remaining_time":5.708165854},
{"learn":[0.06015438983],"iteration":617,"passed_time":9.224059454,"remaining_time":5.701603093},
{"learn":[0.06009859082],"iteration":618,"passed_time":9.273124911,"remaining_time":5.707690777},
{"learn":[0.06000718605],"iteration":619,"passed_time":9.325185945,"remaining_time":5.715436547},
{"learn":[0.05993591554],"iteration":620,"passed_time":9.356446121,"remaining_time":5.710294815},
{"learn":[0.05985032579],"iteration":621,"passed_time":9.390213602,"remaining_time":5.706592832},
{"learn":[0.05972350193],"iteration":622,"passed_time":9.406614414,"remaining_time":5.692285127},
{"learn":[0.05958580716],"iteration":623,"passed_time":9.454243128,"remaining_time":5.696787526},
{"learn":[0.05944104458],"iteration":624,"passed_time":9.476514048,"remaining_time":5.685908429},
{"learn":[0.05931699818],"iteration":625,"passed_time":9.499256282,"remaining_time":5.67527452},
{"learn":[0.05918306128],"iteration":626,"passed_time":9.509625709,"remaining_time":5.657241451},
{"learn":[0.05910890775],"iteration":627,"passed_time":9.524351366,"remaining_time":5.641813229},
{"learn":[0.05901563061],"iteration":628,"passed_time":9.535991242,"remaining_time":5.624567172},
{"learn":[0.058864102],"iteration":629,"passed_time":9.54818187,"remaining_time":5.607662368},
{"learn":[0.05870686782],"iteration":630,"passed_time":9.557938036,"remaining_time":5.589348867},
{"learn":[0.05856471436],"iteration":631,"passed_time":9.583533159,"remaining_time":5.58028513},
{"learn":[0.0585035256],"iteration":632,"passed_time":9.598722248,"remaining_time":5.565135964},
{"learn":[0.05830816934],"iteration":633,"passed_time":9.614659835,"remaining_time":5.550418769},
{"learn":[0.05818776339],"iteration":634,"passed_time":9.627214593,"remaining_time":5.53375327},
{"learn":[0.05808702403],"iteration":635,"passed_time":9.638662205,"remaining_time":5.516467048},
{"learn":[0.0579876737],"iteration":636,"passed_time":9.654604926,"remaining_time":5.501760735},
{"learn":[0.05779551926],"iteration":637,"passed_time":9.671241835,"remaining_time":5.487444427},
{"learn":[0.05768021662],"iteration":638,"passed_time":9.697840932,"remaining_time":5.478748946},
{"learn":[0.05753245956],"iteration":639,"passed_time":9.714781266,"remaining_time":5.464564462},
{"learn":[0.05741143062],"iteration":640,"passed_time":9.727595012,"remaining_time":5.448060233},
{"learn":[0.05728852125],"iteration":641,"passed_time":9.73848479,"remaining_time":5.430494633},
{"learn":[0.05711510714],"iteration":642,"passed_time":9.751786837,"remaining_time":5.414289115},
{"learn":[0.05699815691],"iteration":643,"passed_time":9.766381353,"remaining_time":5.398807083},
{"learn":[0.05687846152],"iteration":644,"passed_time":9.779185154,"remaining_time":5.382342217},
{"learn":[0.05675473902],"iteration":645,"passed_time":9.794293143,"remaining_time":5.367151351},
{"learn":[0.05664481924],"iteration":646,"passed_time":9.808443456,"remaining_time":5.351438238},
{"learn":[0.05654020972],"iteration":647,"passed_time":9.819340463,"remaining_time":5.333962721},
{"learn":[0.05639877254],"iteration":648,"passed_time":9.830722884,"remaining_time":5.316770004},
{"learn":[0.05632112824],"iteration":649,"passed_time":9.851987028,"remaining_time":5.304916092},
{"learn":[0.05620999826],"iteration":650,"passed_time":9.864329583,"remaining_time":5.288250421},
{"learn":[0.05613459513],"iteration":651,"passed_time":9.882719891,"remaining_time":5.274825954},
{"learn":[0.0560586397],"iteration":652,"passed_time":9.89586623,"remaining_time":5.258599666},
{"learn":[0.05592477941],"iteration":653,"passed_time":9.91345381,"remaining_time":5.244732444},
{"learn":[0.05582003263],"iteration":654,"passed_time":9.926950689,"remaining_time":5.228699218},
{"learn":[0.05575264313],"iteration":655,"passed_time":9.938623979,"remaining_time":5.211717453},
{"learn":[0.05572855062],"iteration":656,"passed_time":9.949534178,"remaining_time":5.19435346},
{"learn":[0.05560265465],"iteration":657,"passed_time":9.966836743,"remaining_time":5.18033156},
{"learn":[0.05541843824],"iteration":658,"passed_time":9.981477175,"remaining_time":5.16492218},
{"learn":[0.05528177774],"iteration":659,"passed_time":9.998658444,"remaining_time":5.150824047},
{"learn":[0.0551344725],"iteration":660,"passed_time":10.0162314,"remaining_time":5.136917465},
{"learn":[0.05501068614],"iteration":661,"passed_time":10.03009676,"remaining_time":5.121106807},
{"learn":[0.05487573343],"iteration":662,"passed_time":10.04793576,"remaining_time":5.107321797},
{"learn":[0.05478283907],"iteration":663,"passed_time":10.06318109,"remaining_time":5.092212119},
{"learn":[0.05462586432],"iteration":664,"passed_time":10.08055555,"remaining_time":5.0781746},
{"learn":[0.05457491366],"iteration":665,"passed_time":10.09481414,"remaining_time":5.062564448},
{"learn":[0.05446089685],"iteration":666,"passed_time":10.11193614,"remaining_time":5.048387906},
{"learn":[0.05438257373],"iteration":667,"passed_time":10.12583713,"remaining_time":5.032601685},
{"learn":[0.05424154939],"iteration":668,"passed_time":10.13782497,"remaining_time":5.015874539},
{"learn":[0.0541134713],"iteration":669,"passed_time":10.15689352,"remaining_time":5.002649048},
{"learn":[0.05398439265],"iteration":670,"passed_time":10.17586339,"remaining_time":4.989357758},
{"learn":[0.05386093336],"iteration":671,"passed_time":10.19321764,"remaining_time":4.975260993},
{"learn":[0.05376368295],"iteration":672,"passed_time":10.2077908,"remaining_time":4.959803256},
{"learn":[0.05363709544],"iteration":673,"passed_time":10.22038796,"remaining_time":4.943392398},
{"learn":[0.05348863472],"iteration":674,"passed_time":10.22941149,"remaining_time":4.9252722},
{"learn":[0.05337336815],"iteration":675,"passed_time":10.24680061,"remaining_time":4.91118846},
{"learn":[0.0532188416],"iteration":676,"passed_time":10.26190828,"remaining_time":4.896006463},
{"learn":[0.05312280411],"iteration":677,"passed_time":10.27815164,"remaining_time":4.881364052},
{"learn":[0.05306147854],"iteration":678,"passed_time":10.29260475,"remaining_time":4.865870583},
{"learn":[0.05294679808],"iteration":679,"passed_time":10.30988733,"remaining_time":4.851711686},
{"learn":[0.05283131907],"iteration":680,"passed_time":10.32510525,"remaining_time":4.836576469},
{"learn":[0.05273610725],"iteration":681,"passed_time":10.3381886,"remaining_time":4.820445713},
{"learn":[0.05262999969],"iteration":682,"passed_time":10.35314135,"remaining_time":4.805191522},
{"learn":[0.05252252738],"iteration":683,"passed_time":10.36578291,"remaining_time":4.788870468},
{"learn":[0.05238842207],"iteration":684,"passed_time":10.37767985,"remaining_time":4.77221774},
{"learn":[0.05226196065],"iteration":685,"passed_time":10.40477707,"remaining_time":4.762536443},
{"learn":[0.0522104876],"iteration":686,"passed_time":10.42260465,"remaining_time":4.748581156},
{"learn":[0.05208156447],"iteration":687,"passed_time":10.44171949,"remaining_time":4.735198375},
{"learn":[0.05196247116],"iteration":688,"passed_time":10.45796468,"remaining_time":4.720503652},
{"learn":[0.05186675467],"iteration":689,"passed_time":10.47476225,"remaining_time":4.706052605},
{"learn":[0.05178685522],"iteration":690,"passed_time":10.48903554,"remaining_time":4.690465966},
{"learn":[0.0516818147],"iteration":691,"passed_time":10.50602387,"remaining_time":4.676091548},
{"learn":[0.0515852536],"iteration":692,"passed_time":10.52081364,"remaining_time":4.660735623},
{"learn":[0.05145568174],"iteration":693,"passed_time":10.53307823,"remaining_time":4.644267924},
{"learn":[0.05135843358],"iteration":694,"passed_time":10.54244236,"remaining_time":4.626539454},
{"learn":[0.05122802148],"iteration":695,"passed_time":10.56514968,"remaining_time":4.614663077},
{"learn":[0.05114209326],"iteration":696,"passed_time":10.58058933,"remaining_time":4.599596223},
{"learn":[0.05100239261],"iteration":697,"passed_time":10.59060596,"remaining_time":4.582181948},
{"learn":[0.05091993996],"iteration":698,"passed_time":10.60532386,"remaining_time":4.56681328},
{"learn":[0.05082759748],"iteration":699,"passed_time":10.6191624,"remaining_time":4.551069601},
{"learn":[0.05072060508],"iteration":700,"passed_time":10.63630325,"remaining_time":4.536739902},
{"learn":[0.05060476751],"iteration":701,"passed_time":10.66646267,"remaining_time":4.527928597},
{"learn":[0.05056059064],"iteration":702,"passed_time":10.67797538,"remaining_time":4.511178789},
{"learn":[0.05046763205],"iteration":703,"passed_time":10.68961695,"remaining_time":4.494498036},
{"learn":[0.05040884728],"iteration":704,"passed_time":10.71048394,"remaining_time":4.481691862},
{"learn":[0.05026518575],"iteration":705,"passed_time":10.72314626,"remaining_time":4.465446177},
{"learn":[0.05021113297],"iteration":706,"passed_time":10.73680799,"remaining_time":4.44962481},
{"learn":[0.05013022758],"iteration":707,"passed_time":10.75525678,"remaining_time":4.43578387},
{"learn":[0.05000053789],"iteration":708,"passed_time":10.77149303,"remaining_time":4.421021822},
{"learn":[0.04989356682],"iteration":709,"passed_time":10.78946121,"remaining_time":4.406963027},
{"learn":[0.04978060822],"iteration":710,"passed_time":10.80578608,"remaining_time":4.392225282},
{"learn":[0.04960265899],"iteration":711,"passed_time":10.82248407,"remaining_time":4.377634006},
{"learn":[0.04949429207],"iteration":712,"passed_time":10.84267141,"remaining_time":4.364441368},
{"learn":[0.04945428587],"iteration":713,"passed_time":10.85414755,"remaining_time":4.347739776},
{"learn":[0.04939394244],"iteration":714,"passed_time":10.87284954,"remaining_time":4.333933035},
{"learn":[0.04933351776],"iteration":715,"passed_time":10.8869486,"remaining_time":4.318286875},
{"learn":[0.04927542988],"iteration":716,"passed_time":10.90844819,"remaining_time":4.305566022},
{"learn":[0.04923005019],"iteration":717,"passed_time":10.92160876,"remaining_time":4.289545503},
{"learn":[0.04914719922],"iteration":718,"passed_time":10.93458683,"remaining_time":4.273461611},
{"learn":[0.04906348244],"iteration":719,"passed_time":10.95602013,"remaining_time":4.260674494},
{"learn":[0.04895941259],"iteration":720,"passed_time":10.96728751,"remaining_time":4.243929562},
{"learn":[0.04887977093],"iteration":721,"passed_time":10.98858139,"remaining_time":4.231060423},
{"learn":[0.0487988062],"iteration":722,"passed_time":10.99965766,"remaining_time":4.21425335},
{"learn":[0.04875534441],"iteration":723,"passed_time":11.0130841,"remaining_time":4.198358027},
{"learn":[0.04865875171],"iteration":724,"passed_time":11.04311431,"remaining_time":4.188767497},
{"learn":[0.04858264355],"iteration":725,"passed_time":11.06378611,"remaining_time":4.175588695},
{"learn":[0.04844644348],"iteration":726,"passed_time":11.08150541,"remaining_time":4.161280574},
{"learn":[0.0483858112],"iteration":727,"passed_time":11.10893238,"remaining_time":4.150590119},
{"learn":[0.04829853989],"iteration":728,"passed_time":11.12101596,"remaining_time":4.134149967},
{"learn":[0.04818800397],"iteration":729,"passed_time":11.13823865,"remaining_time":4.119622513},
{"learn":[0.04813206732],"iteration":730,"passed_time":11.15363948,"remaining_time":4.104417265},
{"learn":[0.04802089079],"iteration":731,"passed_time":11.17554063,"remaining_time":4.091591377},
{"learn":[0.04792675946],"iteration":732,"passed_time":11.19476701,"remaining_time":4.077766428},
{"learn":[0.04785169123],"iteration":733,"passed_time":11.21039174,"remaining_time":4.062621529},
{"learn":[0.04776068497],"iteration":734,"passed_time":11.25790053,"remaining_time":4.05897094},
{"learn":[0.04771125451],"iteration":735,"passed_time":11.279126,"remaining_time":4.045773456},
{"learn":[0.04762201123],"iteration":736,"passed_time":11.29959164,"remaining_time":4.03228304},
{"learn":[0.04754755113],"iteration":737,"passed_time":11.31229851,"remaining_time":4.016019256},
{"learn":[0.04744983265],"iteration":738,"passed_time":11.32565219,"remaining_time":3.999993534},
{"learn":[0.0473312052],"iteration":739,"passed_time":11.34336972,"remaining_time":3.985508278},
{"learn":[0.04722960794],"iteration":740,"passed_time":11.35957607,"remaining_time":3.970486103},
{"learn":[0.04713478661],"iteration":741,"passed_time":11.37815129,"remaining_time":3.956284409},
{"learn":[0.04709381843],"iteration":742,"passed_time":11.3897523,"remaining_time":3.939658602},
{"learn":[0.04699522458],"iteration":743,"passed_time":11.40291822,"remaining_time":3.923584763},
{"learn":[0.04691047854],"iteration":744,"passed_time":11.42260745,"remaining_time":3.909751542},
{"learn":[0.04683099801],"iteration":745,"passed_time":11.43847731,"remaining_time":3.894602195},
{"learn":[0.04680644427],"iteration":746,"passed_time":11.46629054,"remaining_time":3.883495991},
{"learn":[0.0467222281],"iteration":747,"passed_time":11.48516831,"remaining_time":3.869334777},
{"learn":[0.04666417244],"iteration":748,"passed_time":11.49943832,"remaining_time":3.853616845},
{"learn":[0.04660232255],"iteration":749,"passed_time":11.51042121,"remaining_time":3.836807072},
{"learn":[0.04651903361],"iteration":750,"passed_time":11.52140686,"remaining_time":3.820013726},
{"learn":[0.04641637516],"iteration":751,"passed_time":11.54247636,"remaining_time":3.806561352},
{"learn":[0.04630718662],"iteration":752,"passed_time":11.55434737,"remaining_time":3.790071448},
{"learn":[0.04626669143],"iteration":753,"passed_time":11.57574477,"remaining_time":3.776701874},
{"learn":[0.04617093203],"iteration":754,"passed_time":11.58727009,"remaining_time":3.760107511},
{"learn":[0.04611066956],"iteration":755,"passed_time":11.60086365,"remaining_time":3.744194088},
{"learn":[0.04602962102],"iteration":756,"passed_time":11.61961787,"remaining_time":3.729943385},
{"learn":[0.0459680342],"iteration":757,"passed_time":11.63583043,"remaining_time":3.714869347},
{"learn":[0.04587533973],"iteration":758,"passed_time":11.6509369,"remaining_time":3.699441099},
{"learn":[0.04577445497],"iteration":759,"passed_time":11.66343489,"remaining_time":3.683189965},
{"learn":[0.04568069935],"iteration":760,"passed_time":11.68111887,"remaining_time":3.668577411},
{"learn":[0.04557813328],"iteration":761,"passed_time":11.69615982,"remaining_time":3.653131283},
{"learn":[0.04551168127],"iteration":762,"passed_time":11.70715803,"remaining_time":3.636430475},
{"learn":[0.0454517667],"iteration":763,"passed_time":11.7181364,"remaining_time":3.619738468},
{"learn":[0.04541166956],"iteration":764,"passed_time":11.735447,"remaining_time":3.605006595},
{"learn":[0.0453515881],"iteration":765,"passed_time":11.74980145,"remaining_time":3.589364935},
{"learn":[0.04527643026],"iteration":766,"passed_time":11.76794545,"remaining_time":3.574877822},
{"learn":[0.0451864303],"iteration":767,"passed_time":11.78422329,"remaining_time":3.559817453},
{"learn":[0.04511555743],"iteration":768,"passed_time":11.80154798,"remaining_time":3.54506838},
{"learn":[0.04502758482],"iteration":769,"passed_time":11.81847022,"remaining_time":3.530192404},
{"learn":[0.0449622982],"iteration":770,"passed_time":11.83065926,"remaining_time":3.51390528},
{"learn":[0.04490810613],"iteration":771,"passed_time":11.85081919,"remaining_time":3.49998287},
{"learn":[0.04485219688],"iteration":772,"passed_time":11.86410001,"remaining_time":3.484024195},
{"learn":[0.04473090278],"iteration":773,"passed_time":11.89184134,"remaining_time":3.472294758},
{"learn":[0.04467077282],"iteration":774,"passed_time":11.90398734,"remaining_time":3.455996325},
{"learn":[0.04460568763],"iteration":775,"passed_time":11.91307194,"remaining_time":3.43882489},
{"learn":[0.04454233235],"iteration":776,"passed_time":11.93249686,"remaining_time":3.424641956},
{"learn":[0.04446614195],"iteration":777,"passed_time":11.9446098,"remaining_time":3.408359094},
{"learn":[0.04434861759],"iteration":778,"passed_time":11.96660975,"remaining_time":3.394891855},
{"learn":[0.04429017171],"iteration":779,"passed_time":11.97763611,"remaining_time":3.37830762},
{"learn":[0.04417710269],"iteration":780,"passed_time":11.99090672,"remaining_time":3.36236693},
{"learn":[0.0440857552],"iteration":781,"passed_time":12.00881666,"remaining_time":3.347726384},
{"learn":[0.04401182507],"iteration":782,"passed_time":12.0263227,"remaining_time":3.332965549},
{"learn":[0.04394655348],"iteration":783,"passed_time":12.04429421,"remaining_time":3.318325955},
{"learn":[0.04386579203],"iteration":784,"passed_time":12.05894674,"remaining_time":3.302768853},
{"learn":[0.04376497414],"iteration":785,"passed_time":12.07718909,"remaining_time":3.288191433},
{"learn":[0.04369258737],"iteration":786,"passed_time":12.091991,"remaining_time":3.272673548},
{"learn":[0.04365551544],"iteration":787,"passed_time":12.10495304,"remaining_time":3.256662494},
{"learn":[0.04358822127],"iteration":788,"passed_time":12.12025888,"remaining_time":3.241285963},
{"learn":[0.04353098692],"iteration":789,"passed_time":12.13425706,"remaining_time":3.225562003},
{"learn":[0.04343188925],"iteration":790,"passed_time":12.15110838,"remaining_time":3.210596272},
{"learn":[0.04336750941],"iteration":791,"passed_time":12.1633239,"remaining_time":3.194408297},
{"learn":[0.04329147091],"iteration":792,"passed_time":12.17701975,"remaining_time":3.178616756},
{"learn":[0.04325409782],"iteration":793,"passed_time":12.18810029,"remaining_time":3.162151964},
{"learn":[0.04314959247],"iteration":794,"passed_time":12.20548663,"remaining_time":3.147326742},
{"learn":[0.04307781462],"iteration":795,"passed_time":12.22042963,"remaining_time":3.131868901},
{"learn":[0.04302011333],"iteration":796,"passed_time":12.23711333,"remaining_time":3.116855715},
{"learn":[0.04295045997],"iteration":797,"passed_time":12.25121285,"remaining_time":3.101184204},
{"learn":[0.04287666485],"iteration":798,"passed_time":12.26956161,"remaining_time":3.086585587},
{"learn":[0.04278892569],"iteration":799,"passed_time":12.283855,"remaining_time":3.070963751},
{"learn":[0.04269641194],"iteration":800,"passed_time":12.29591009,"remaining_time":3.054789148},
{"learn":[0.04261061314],"iteration":801,"passed_time":12.30545091,"remaining_time":3.038004091},
{"learn":[0.04254248024],"iteration":802,"passed_time":12.31968949,"remaining_time":3.022389576},
{"learn":[0.0424857582],"iteration":803,"passed_time":12.33447543,"remaining_time":3.00691192},
{"learn":[0.04242765546],"iteration":804,"passed_time":12.35462056,"remaining_time":2.992734173},
{"learn":[0.04232424383],"iteration":805,"passed_time":12.36957778,"remaining_time":2.977292916},
{"learn":[0.04225653101],"iteration":806,"passed_time":12.38288321,"remaining_time":2.961457818},
{"learn":[0.04222602045],"iteration":807,"passed_time":12.40247637,"remaining_time":2.947123097},
{"learn":[0.04216553911],"iteration":808,"passed_time":12.41822079,"remaining_time":2.931866713},
{"learn":[0.04209093092],"iteration":809,"passed_time":12.44180447,"remaining_time":2.918447961},
{"learn":[0.04203085916],"iteration":810,"passed_time":12.45421129,"remaining_time":2.902399425},
{"learn":[0.04195301129],"iteration":811,"passed_time":12.46617708,"remaining_time":2.886257748},
{"learn":[0.04189871643],"iteration":812,"passed_time":12.47981188,"remaining_time":2.870510235},
{"learn":[0.04182488698],"iteration":813,"passed_time":12.49215542,"remaining_time":2.85447286},
{"learn":[0.04173390158],"iteration":814,"passed_time":12.50914689,"remaining_time":2.839499601},
{"learn":[0.04167831275],"iteration":815,"passed_time":12.52247737,"remaining_time":2.823695878},
{"learn":[0.04159594202],"iteration":816,"passed_time":12.53964585,"remaining_time":2.808757883},
{"learn":[0.0415285079],"iteration":817,"passed_time":12.55119376,"remaining_time":2.792563894},
{"learn":[0.04146401614],"iteration":818,"passed_time":12.56546052,"remaining_time":2.776982117},
{"learn":[0.04140859245],"iteration":819,"passed_time":12.57530674,"remaining_time":2.760433187},
{"learn":[0.04135070515],"iteration":820,"passed_time":12.59239259,"remaining_time":2.745479019},
{"learn":[0.04126162617],"iteration":821,"passed_time":12.60747867,"remaining_time":2.730086623},
{"learn":[0.04118541696],"iteration":822,"passed_time":12.62310491,"remaining_time":2.714811142},
{"learn":[0.04114039302],"iteration":823,"passed_time":12.63687558,"remaining_time":2.699138474},
{"learn":[0.04110025841],"iteration":824,"passed_time":12.65172375,"remaining_time":2.683698977},
{"learn":[0.04102982672],"iteration":825,"passed_time":12.66564056,"remaining_time":2.668064718},
{"learn":[0.04096234684],"iteration":826,"passed_time":12.67574262,"remaining_time":2.651636606},
{"learn":[0.04090557338],"iteration":827,"passed_time":12.68838217,"remaining_time":2.635750886},
{"learn":[0.04087567049],"iteration":828,"passed_time":12.70610487,"remaining_time":2.620921512},
{"learn":[0.04080235022],"iteration":829,"passed_time":12.72080496,"remaining_time":2.605466076},
{"learn":[0.04072939891],"iteration":830,"passed_time":12.73930366,"remaining_time":2.59078498},
{"learn":[0.04067483064],"iteration":831,"passed_time":12.75411816,"remaining_time":2.575350783},
{"learn":[0.04060054428],"iteration":832,"passed_time":12.76832889,"remaining_time":2.559797029},
{"learn":[0.04049270419],"iteration":833,"passed_time":12.78512704,"remaining_time":2.544761497},
{"learn":[0.04042378978],"iteration":834,"passed_time":12.79677477,"remaining_time":2.528703996},
{"learn":[0.04036756436],"iteration":835,"passed_time":12.8071991,"remaining_time":2.512417048},
{"learn":[0.04031475818],"iteration":836,"passed_time":12.83480399,"remaining_time":2.499489905},
{"learn":[0.04025509818],"iteration":837,"passed_time":12.84908982,"remaining_time":2.483952924},
{"learn":[0.04019211206],"iteration":838,"passed_time":12.86068299,"remaining_time":2.467902219},
{"learn":[0.04011401177],"iteration":839,"passed_time":12.87213102,"remaining_time":2.45183448},
{"learn":[0.04004386105],"iteration":840,"passed_time":12.88558024,"remaining_time":2.436156075},
{"learn":[0.03999129192],"iteration":841,"passed_time":12.90414724,"remaining_time":2.421443307},
{"learn":[0.03988699074],"iteration":842,"passed_time":12.91853293,"remaining_time":2.405942669},
{"learn":[0.03980674249],"iteration":843,"passed_time":12.93454439,"remaining_time":2.390745171},
{"learn":[0.03974792412],"iteration":844,"passed_time":12.94923554,"remaining_time":2.37530356},
{"learn":[0.03968039822],"iteration":845,"passed_time":12.96303042,"remaining_time":2.359700573},
{"learn":[0.03959976782],"iteration":846,"passed_time":12.97933066,"remaining_time":2.344554417},
{"learn":[0.03953918973],"iteration":847,"passed_time":12.99210942,"remaining_time":2.328774329},
{"learn":[0.03945062848],"iteration":848,"passed_time":13.0032453,"remaining_time":2.312709117},
{"learn":[0.03939008809],"iteration":849,"passed_time":13.02040913,"remaining_time":2.297719259},
{"learn":[0.03931192271],"iteration":850,"passed_time":13.03502054,"remaining_time":2.282277391},
{"learn":[0.03927295709],"iteration":851,"passed_time":13.05125601,"remaining_time":2.267119589},
{"learn":[0.03921625231],"iteration":852,"passed_time":13.06583404,"remaining_time":2.251673628},
{"learn":[0.03914572297],"iteration":853,"passed_time":13.078385,"remaining_time":2.235883149},
{"learn":[0.03911815398],"iteration":854,"passed_time":13.09430662,"remaining_time":2.220671883},
{"learn":[0.0390617453],"iteration":855,"passed_time":13.10379223,"remaining_time":2.204376263},
{"learn":[0.03895561781],"iteration":856,"passed_time":13.11784604,"remaining_time":2.188858791},
{"learn":[0.03891446337],"iteration":857,"passed_time":13.13437648,"remaining_time":2.173754616},
{"learn":[0.03885117033],"iteration":858,"passed_time":13.14896925,"remaining_time":2.158329061},
{"learn":[0.03878803226],"iteration":859,"passed_time":13.16235045,"remaining_time":2.142708213},
{"learn":[0.03875730262],"iteration":860,"passed_time":13.17857941,"remaining_time":2.127552308},
{"learn":[0.03872261182],"iteration":861,"passed_time":13.19124822,"remaining_time":2.111823961},
{"learn":[0.03866416214],"iteration":862,"passed_time":13.20065285,"remaining_time":2.095584519},
{"learn":[0.03856723595],"iteration":863,"passed_time":13.22676751,"remaining_time":2.081991181},
{"learn":[0.03850772386],"iteration":864,"passed_time":13.24269299,"remaining_time":2.066778674},
{"learn":[0.03846620548],"iteration":865,"passed_time":13.25478207,"remaining_time":2.050970898},
{"learn":[0.03839473409],"iteration":866,"passed_time":13.26558481,"remaining_time":2.034974371},
{"learn":[0.03834376588],"iteration":867,"passed_time":13.27833468,"remaining_time":2.01928592},
{"learn":[0.03828499077],"iteration":868,"passed_time":13.29513392,"remaining_time":2.004214665},
{"learn":[0.0382409512],"iteration":869,"passed_time":13.30954085,"remaining_time":1.988781965},
{"learn":[0.03818709737],"iteration":870,"passed_time":13.32303549,"remaining_time":1.973216507},
{"learn":[0.03810537995],"iteration":871,"passed_time":13.33194449,"remaining_time":1.956982677},
{"learn":[0.03806123696],"iteration":872,"passed_time":13.34331037,"remaining_time":1.941123044},
{"learn":[0.03800160592],"iteration":873,"passed_time":13.3563895,"remaining_time":1.925520683},
{"learn":[0.03793104556],"iteration":874,"passed_time":13.37492509,"remaining_time":1.910703585},
{"learn":[0.03787611283],"iteration":875,"passed_time":13.38999968,"remaining_time":1.895388082},
{"learn":[0.0378162349],"iteration":876,"passed_time":13.40731149,"remaining_time":1.880386902},
{"learn":[0.0377655612],"iteration":877,"passed_time":13.42367658,"remaining_time":1.86524891},
{"learn":[0.03770336],"iteration":878,"passed_time":13.44158231,"remaining_time":1.850320204},
{"learn":[0.0376687618],"iteration":879,"passed_time":13.45643755,"remaining_time":1.834968757},
{"learn":[0.03758158222],"iteration":880,"passed_time":13.46917011,"remaining_time":1.819331718},
{"learn":[0.03754039723],"iteration":881,"passed_time":13.48521712,"remaining_time":1.804144693},
{"learn":[0.03749273085],"iteration":882,"passed_time":13.49533327,"remaining_time":1.788169867},
{"learn":[0.0374208147],"iteration":883,"passed_time":13.50779178,"remaining_time":1.772515664},
{"learn":[0.03738170485],"iteration":884,"passed_time":13.52358452,"remaining_time":1.757301944},
{"learn":[0.03734686949],"iteration":885,"passed_time":13.53856292,"remaining_time":1.741982136},
{"learn":[0.03727364074],"iteration":886,"passed_time":13.55179999,"remaining_time":1.726441261},
{"learn":[0.03721653746],"iteration":887,"passed_time":13.5673873,"remaining_time":1.711202002},
{"learn":[0.03717218269],"iteration":888,"passed_time":13.57929726,"remaining_time":1.695502808},
{"learn":[0.03712376733],"iteration":889,"passed_time":13.59000295,"remaining_time":1.679663287},
{"learn":[0.03704927676],"iteration":890,"passed_time":13.60707567,"remaining_time":1.664614195},
{"learn":[0.03697532767],"iteration":891,"passed_time":13.62198869,"remaining_time":1.649299079},
{"learn":[0.03692760493],"iteration":892,"passed_time":13.64702471,"remaining_time":1.635197809},
{"learn":[0.03688351019],"iteration":893,"passed_time":13.65615916,"remaining_time":1.619186657},
{"learn":[0.03681923609],"iteration":894,"passed_time":13.66995585,"remaining_time":1.603737837},
{"learn":[0.03679041207],"iteration":895,"passed_time":13.68678173,"remaining_time":1.588644308},
{"learn":[0.03673547966],"iteration":896,"passed_time":13.70104777,"remaining_time":1.573252977},
{"learn":[0.03669457639],"iteration":897,"passed_time":13.71967445,"remaining_time":1.558359458},
{"learn":[0.03666191449],"iteration":898,"passed_time":13.73496899,"remaining_time":1.543083279},
{"learn":[0.03661055356],"iteration":899,"passed_time":13.74735838,"remaining_time":1.527484264},
{"learn":[0.03655755725],"iteration":900,"passed_time":13.76207211,"remaining_time":1.512147768},
{"learn":[0.03648554529],"iteration":901,"passed_time":13.77423481,"remaining_time":1.496535489},
{"learn":[0.0364323434],"iteration":902,"passed_time":13.79504346,"remaining_time":1.481859597},
{"learn":[0.03636835651],"iteration":903,"passed_time":13.81413313,"remaining_time":1.466987589},
{"learn":[0.0363163751],"iteration":904,"passed_time":13.82986797,"remaining_time":1.451754097},
{"learn":[0.03626771025],"iteration":905,"passed_time":13.84566562,"remaining_time":1.436526014},
{"learn":[0.0362026755],"iteration":906,"passed_time":13.85719956,"remaining_time":1.420859492},
{"learn":[0.03616831955],"iteration":907,"passed_time":13.86810066,"remaining_time":1.405137953},
{"learn":[0.03610956555],"iteration":908,"passed_time":13.88444262,"remaining_time":1.389971703},
{"learn":[0.03606524194],"iteration":909,"passed_time":13.89889272,"remaining_time":1.374615763},
{"learn":[0.03602934946],"iteration":910,"passed_time":13.91460324,"remaining_time":1.359384948},
{"learn":[0.03599108731],"iteration":911,"passed_time":13.92807957,"remaining_time":1.343937502},
{"learn":[0.03593948037],"iteration":912,"passed_time":13.93912854,"remaining_time":1.32826307},
{"learn":[0.03590015606],"iteration":913,"passed_time":13.94910482,"remaining_time":1.312497828},
{"learn":[0.03584356629],"iteration":914,"passed_time":13.96558171,"remaining_time":1.29734912},
{"learn":[0.03579694413],"iteration":915,"passed_time":13.98060955,"remaining_time":1.282064631},
{"learn":[0.03575641473],"iteration":916,"passed_time":13.99615315,"remaining_time":1.266827384},
{"learn":[0.03571769185],"iteration":917,"passed_time":14.00968931,"remaining_time":1.251410156},
{"learn":[0.03565166524],"iteration":918,"passed_time":14.02368461,"remaining_time":1.23603749},
{"learn":[0.03560401978],"iteration":919,"passed_time":14.03657669,"remaining_time":1.220571886},
{"learn":[0.03555595481],"iteration":920,"passed_time":14.05494067,"remaining_time":1.20558123},
{"learn":[0.03548485595],"iteration":921,"passed_time":14.06586392,"remaining_time":1.189953781},
{"learn":[0.03543087738],"iteration":922,"passed_time":14.08055211,"remaining_time":1.17465061},
{"learn":[0.03539806661],"iteration":923,"passed_time":14.09178131,"remaining_time":1.159064264},
{"learn":[0.0353446805],"iteration":924,"passed_time":14.10718408,"remaining_time":1.143825736},
{"learn":[0.03528585972],"iteration":925,"passed_time":14.12179397,"remaining_time":1.128523492},
{"learn":[0.03521508682],"iteration":926,"passed_time":14.13424828,"remaining_time":1.113052993},
{"learn":[0.03519020983],"iteration":927,"passed_time":14.15366505,"remaining_time":1.098129185},
{"learn":[0.03516626909],"iteration":928,"passed_time":14.17058087,"remaining_time":1.083004566},
{"learn":[0.03511076337],"iteration":929,"passed_time":14.1898159,"remaining_time":1.068050659},
{"learn":[0.03508299857],"iteration":930,"passed_time":14.21785844,"remaining_time":1.053740314},
{"learn":[0.03504235342],"iteration":931,"passed_time":14.23299515,"remaining_time":1.038458873},
{"learn":[0.03496577001],"iteration":932,"passed_time":14.24346589,"remaining_time":1.022842674},
{"learn":[0.03490290204],"iteration":933,"passed_time":14.25452947,"remaining_time":1.007279384},
{"learn":[0.03484253657],"iteration":934,"passed_time":14.2739585,"remaining_time":0.9923072752},
{"learn":[0.03479385906],"iteration":935,"passed_time":14.28745969,"remaining_time":0.9769203205},
{"learn":[0.03475843249],"iteration":936,"passed_time":14.30509589,"remaining_time":0.9618154119},
{"learn":[0.03470131745],"iteration":937,"passed_time":14.32023001,"remaining_time":0.9465397232},
{"learn":[0.03466984781],"iteration":938,"passed_time":14.33366873,"remaining_time":0.9311541986},
{"learn":[0.03463256771],"iteration":939,"passed_time":14.35403477,"remaining_time":0.9162149851},
{"learn":[0.03459982152],"iteration":940,"passed_time":14.36912703,"remaining_time":0.9009335756},
{"learn":[0.03455159295],"iteration":941,"passed_time":14.38786611,"remaining_time":0.8858771068},
{"learn":[0.03450010277],"iteration":942,"passed_time":14.40350626,"remaining_time":0.8706255112},
{"learn":[0.03444855197],"iteration":943,"passed_time":14.43302795,"remaining_time":0.8561965736},
{"learn":[0.03440211816],"iteration":944,"passed_time":14.45703076,"remaining_time":0.8414144888},
{"learn":[0.03435933938],"iteration":945,"passed_time":14.48302637,"remaining_time":0.8267266639},
{"learn":[0.03431039743],"iteration":946,"passed_time":14.51402652,"remaining_time":0.812295043},
{"learn":[0.03426886794],"iteration":947,"passed_time":14.52884728,"remaining_time":0.7969409903},
{"learn":[0.03421204386],"iteration":948,"passed_time":14.54666818,"remaining_time":0.7817492913},
{"learn":[0.0341566012],"iteration":949,"passed_time":14.56054835,"remaining_time":0.7663446498},
{"learn":[0.03410617329],"iteration":950,"passed_time":14.5733823,"remaining_time":0.750889309},
{"learn":[0.0340351515],"iteration":951,"passed_time":14.5843686,"remaining_time":0.7353463158},
{"learn":[0.0339857687],"iteration":952,"passed_time":14.60205827,"remaining_time":0.7201434825},
{"learn":[0.03396046637],"iteration":953,"passed_time":14.61786877,"remaining_time":0.7048448253},
{"learn":[0.03391589655],"iteration":954,"passed_time":14.63526018,"remaining_time":0.6896195898},
{"learn":[0.03387482083],"iteration":955,"passed_time":14.65405432,"remaining_time":0.6744543828},
{"learn":[0.03383021041],"iteration":956,"passed_time":14.66783876,"remaining_time":0.6590564961},
{"learn":[0.03376628289],"iteration":957,"passed_time":14.68869923,"remaining_time":0.6439722001},
{"learn":[0.03369598156],"iteration":958,"passed_time":14.71287975,"remaining_time":0.6290177993},
{"learn":[0.03363484271],"iteration":959,"passed_time":14.75373165,"remaining_time":0.6147388189},
{"learn":[0.03355470326],"iteration":960,"passed_time":14.77446046,"remaining_time":0.5995878855},
{"learn":[0.03353780811],"iteration":961,"passed_time":14.78900257,"remaining_time":0.5841809748},
{"learn":[0.03348012479],"iteration":962,"passed_time":14.80447413,"remaining_time":0.568811571},
{"learn":[0.03346083404],"iteration":963,"passed_time":14.81971369,"remaining_time":0.5534332912},
{"learn":[0.03341074715],"iteration":964,"passed_time":14.83130439,"remaining_time":0.5379229573},
{"learn":[0.03338131945],"iteration":965,"passed_time":14.84161569,"remaining_time":0.5223757074},
{"learn":[0.03334209477],"iteration":966,"passed_time":14.85879222,"remaining_time":0.5070735712},
{"learn":[0.03329299694],"iteration":967,"passed_time":14.87822611,"remaining_time":0.4918421854},
{"learn":[0.03324170732],"iteration":968,"passed_time":14.89684115,"remaining_time":0.4765759295},
{"learn":[0.03321079211],"iteration":969,"passed_time":14.9113535,"remaining_time":0.4611758814},
{"learn":[0.03316660076],"iteration":970,"passed_time":14.92780823,"remaining_time":0.4458356731},
{"learn":[0.03313059441],"iteration":971,"passed_time":14.94206218,"remaining_time":0.4304297746},
{"learn":[0.0330696463],"iteration":972,"passed_time":14.95844932,"remaining_time":0.4150854384},
{"learn":[0.03303937764],"iteration":973,"passed_time":14.97289458,"remaining_time":0.3996871243},
{"learn":[0.03299134671],"iteration":974,"passed_time":14.99048672,"remaining_time":0.3843714544},
{"learn":[0.03293593902],"iteration":975,"passed_time":15.00574635,"remaining_time":0.3689937627},
{"learn":[0.03289993036],"iteration":976,"passed_time":15.01611863,"remaining_time":0.3535012574},
{"learn":[0.03286325285],"iteration":977,"passed_time":15.02669151,"remaining_time":0.3380237354},
{"learn":[0.03280998528],"iteration":978,"passed_time":15.04317497,"remaining_time":0.3226830177},
{"learn":[0.0327662209],"iteration":979,"passed_time":15.05830757,"remaining_time":0.3073123995},
{"learn":[0.03272857424],"iteration":980,"passed_time":15.0745549,"remaining_time":0.2919638564},
{"learn":[0.03267725894],"iteration":981,"passed_time":15.08851045,"remaining_time":0.2765714746},
{"learn":[0.03263351707],"iteration":982,"passed_time":15.10085769,"remaining_time":0.2611542022},
{"learn":[0.0326005486],"iteration":983,"passed_time":15.11017003,"remaining_time":0.2456938216},
{"learn":[0.03257985244],"iteration":984,"passed_time":15.12706727,"remaining_time":0.2303614305},
{"learn":[0.03253759796],"iteration":985,"passed_time":15.14317195,"remaining_time":0.2150146119},
{"learn":[0.03249668212],"iteration":986,"passed_time":15.15959055,"remaining_time":0.1996703923},
{"learn":[0.03245883741],"iteration":987,"passed_time":15.18585062,"remaining_time":0.1844435298},
{"learn":[0.03241262011],"iteration":988,"passed_time":15.2039748,"remaining_time":0.1691038653},
{"learn":[0.03235453004],"iteration":989,"passed_time":15.21690521,"remaining_time":0.1537061132},
{"learn":[0.03229134771],"iteration":990,"passed_time":15.22549589,"remaining_time":0.1382739284},
{"learn":[0.03224084042],"iteration":991,"passed_time":15.25550361,"remaining_time":0.123028255},
{"learn":[0.03218486791],"iteration":992,"passed_time":15.27934557,"remaining_time":0.1077093847},
{"learn":[0.03214933468],"iteration":993,"passed_time":15.29078916,"remaining_time":0.09229852609},
{"learn":[0.03211148649],"iteration":994,"passed_time":15.3043564,"remaining_time":0.07690631355},
{"learn":[0.03205847784],"iteration":995,"passed_time":15.32482456,"remaining_time":0.06154548014},
{"learn":[0.03203933245],"iteration":996,"passed_time":15.33727155,"remaining_time":0.04615026544},
{"learn":[0.0319900494],"iteration":997,"passed_time":15.35558409,"remaining_time":0.0307727136},
{"learn":[0.03194081646],"iteration":998,"passed_time":15.36934216,"remaining_time":0.01538472688},
{"learn":[0.03189610741],"iteration":999,"passed_time":15.38931472,"remaining_time":0}
]}